zsh: command not found: 0
/Users/alexrobles/nicheflow/run_all.sh: line 17: python: command not found
/Users/alexrobles/nicheflow/run_all.sh: line 17: python: command not found
/Users/alexrobles/nicheflow/run_all.sh: line 17: python: command not found
/Users/alexrobles/nicheflow/run_all.sh: line 17: python: command not found
/Users/alexrobles/nicheflow/run_all.sh: line 17: python: command not found
/Users/alexrobles/nicheflow/run_all.sh: line 17: python: command not found
/Users/alexrobles/nicheflow/run_all.sh: line 17: python: command not found
/Users/alexrobles/nicheflow/run_all.sh: line 17: python: command not found
/Users/alexrobles/nicheflow/run_all.sh: line 17: python: command not found
/Users/alexrobles/nicheflow/run_all.sh: line 17: python: command not found
/Users/alexrobles/nicheflow/run_all.sh: line 17: python: command not found
/Users/alexrobles/nicheflow/run_all.sh: line 17: python: command not found
/Users/alexrobles/nicheflow/run_all.sh: line 17: python: command not found
/Users/alexrobles/nicheflow/run_all.sh: line 17: python: command not found
/Users/alexrobles/nicheflow/run_all.sh: line 17: python: command not found
/Users/alexrobles/nicheflow/run_all.sh: line 17: python: command not found
/Users/alexrobles/nicheflow/run_all.sh: line 17: python: command not found
/Users/alexrobles/nicheflow/run_all.sh: line 17: python: command not found
/Users/alexrobles/nicheflow/run_all.sh: line 17: python: command not found
/Users/alexrobles/nicheflow/run_all.sh: line 17: python: command not found
/Users/alexrobles/nicheflow/run_all.sh: line 17: python: command not found
/Users/alexrobles/nicheflow/run_all.sh: line 17: python: command not found
[2026-04-08 13:53:30] ==========================================
[2026-04-08 13:53:30] NicheFlow daily run started
[2026-04-08 13:53:30] ==========================================
[2026-04-08 13:53:30] Step 1: Running generate.py ...
[1/5] Generating: best blender for smoothies under 50...
✅ Success: deploy/posts/best-blender-for-smoothies-under-50.html
[2/5] Generating: vitamix vs ninja blender...
✅ Success: deploy/posts/vitamix-vs-ninja-blender.html
[3/5] Generating: best food processor for small kitchen...
✅ Success: deploy/posts/best-food-processor-for-small-kitchen.html
[4/5] Generating: best kitchen scale for baking...
✅ Success: deploy/posts/best-kitchen-scale-for-baking.html
[5/5] Generating: best silicone baking mats...
✅ Success: deploy/posts/best-silicone-baking-mats.html

Batch complete! Run 'python3 publish.py' to push changes to GitHub.
[2026-04-08 13:55:09] Step 1 ✓ generate.py complete
[2026-04-08 13:55:09] Step 2: Running index.py ...
Generated deploy/index.html with 27 posts.
[2026-04-08 13:55:09] Step 2 ✓ index.py complete
[2026-04-08 13:55:09] Step 3: Syncing index.html to repo root ...
[2026-04-08 13:55:09] Step 3 ✓ index.html copied
[2026-04-08 13:55:09] Step 4: Syncing new posts to ./posts/ ...
[2026-04-08 13:55:09]   Copied: best-air-fryer-for-family-of-4.html
[2026-04-08 13:55:09]   Copied: best-air-fryer-under-100.html
[2026-04-08 13:55:09]   Copied: best-blender-for-smoothies-under-50.html
[2026-04-08 13:55:09]   Copied: best-cast-iron-skillet-for-beginners.html
[2026-04-08 13:55:09]   Copied: best-coffee-grinder-for-french-press.html
[2026-04-08 13:55:09]   Copied: best-compact-juicer-for-small-apartments.html
[2026-04-08 13:55:09]   Copied: best-convection-toaster-oven-under-150.html
[2026-04-08 13:55:09]   Copied: best-dutch-oven-under-100.html
[2026-04-08 13:55:09]   Copied: best-electric-indoor-grill-for-steak.html
[2026-04-08 13:55:09]   Copied: best-food-processor-for-small-kitchen.html
[2026-04-08 13:55:10]   Copied: best-gooseneck-kettle-for-pour-over.html
[2026-04-08 13:55:10]   Copied: best-instant-pot-under-80.html
[2026-04-08 13:55:10]   Copied: best-kitchen-scale-for-baking.html
[2026-04-08 13:55:10]   Copied: best-knife-set-under-100.html
[2026-04-08 13:55:10]   Copied: best-masticating-juicer-for-celery.html
[2026-04-08 13:55:10]   Copied: best-milk-frother-for-latte-art.html
[2026-04-08 13:55:10]   Copied: best-portable-charcoal-grill-for-camping.html
[2026-04-08 13:55:10]   Copied: best-pour-over-coffee-maker.html
[2026-04-08 13:55:10]   Copied: best-silicone-baking-mats.html
[2026-04-08 13:55:10]   Copied: best-stand-mixer-for-home-baking.html
[2026-04-08 13:55:10]   Copied: best-toaster-oven-for-toast-and-pizza.html
[2026-04-08 13:55:10]   Copied: centrifugal-vs-masticating-juicer.html
[2026-04-08 13:55:10]   Copied: electric-vs-stovetop-gooseneck-kettle.html
[2026-04-08 13:55:10]   Copied: george-foreman-vs-ninja-foodi-grill.html
[2026-04-08 13:55:10]   Copied: ninja-air-fryer-vs-cosori.html
[2026-04-08 13:55:10]   Copied: ninja-foodi-vs-breville-smart-oven.html
[2026-04-08 13:55:10]   Copied: vitamix-vs-ninja-blender.html
[2026-04-08 13:55:10] Step 4 ✓ 27 file(s) synced to ./posts/
[2026-04-08 13:55:10] Step 5: Syncing sitemap.xml ...
[2026-04-08 13:55:10] Step 5 ✓ sitemap.xml copied
[2026-04-08 13:55:10] Step 6: Committing and pushing ...
To https://github.com/nicheflowblog/nicheflowblog.github.io.git
 ! [rejected]        main -> main (fetch first)
error: failed to push some refs to 'https://github.com/nicheflowblog/nicheflowblog.github.io.git'
hint: Updates were rejected because the remote contains work that you do not
hint: have locally. This is usually caused by another repository pushing to
hint: the same ref. If you want to integrate the remote changes, use
hint: 'git pull' before pushing again.
hint: See the 'Note about fast-forwards' in 'git push --help' for details.
[2026-04-08 13:55:55] Step 6 ✗ Push failed
[2026-04-08 13:56:15] ==========================================
[2026-04-08 13:56:15] NicheFlow daily run started
[2026-04-08 13:56:15] ==========================================
[2026-04-08 13:56:15] Step 1: Running generate.py ...
[1/5] Generating: best dutch oven under 100...
✅ Success: deploy/posts/best-dutch-oven-under-100.html
[2/5] Generating: best stand mixer for home baking...
✅ Success: deploy/posts/best-stand-mixer-for-home-baking.html
[3/5] Generating: best toaster oven for toast and pizza...
✅ Success: deploy/posts/best-toaster-oven-for-toast-and-pizza.html
[4/5] Generating: ninja foodi vs breville smart oven...
✅ Success: deploy/posts/ninja-foodi-vs-breville-smart-oven.html
[5/5] Generating: best convection toaster oven under 150...
✅ Success: deploy/posts/best-convection-toaster-oven-under-150.html

Batch complete! Run 'python3 publish.py' to push changes to GitHub.
[2026-04-08 13:58:06] Step 1 ✓ generate.py complete
[2026-04-08 13:58:06] Step 2: Running index.py ...
Generated deploy/index.html with 27 posts.
[2026-04-08 13:58:06] Step 2 ✓ index.py complete
[2026-04-08 13:58:06] Step 3: Syncing index.html to repo root ...
[2026-04-08 13:58:06] Step 3 ✓ index.html copied
[2026-04-08 13:58:06] Step 4: Syncing new posts to ./posts/ ...
[2026-04-08 13:58:06]   Copied: best-convection-toaster-oven-under-150.html
[2026-04-08 13:58:06]   Copied: best-dutch-oven-under-100.html
[2026-04-08 13:58:06]   Copied: best-stand-mixer-for-home-baking.html
[2026-04-08 13:58:06]   Copied: best-toaster-oven-for-toast-and-pizza.html
[2026-04-08 13:58:06]   Copied: ninja-foodi-vs-breville-smart-oven.html
[2026-04-08 13:58:06] Step 4 ✓ 5 file(s) synced to ./posts/
[2026-04-08 13:58:06] Step 5: Syncing sitemap.xml ...
[2026-04-08 13:58:06] Step 5 ✓ sitemap.xml copied
[2026-04-08 13:58:06] Step 6: Committing and pushing ...
[2026-04-09 15:17:40] ==========================================
[2026-04-09 15:17:40] NicheFlow daily run started
[2026-04-09 15:17:40] ==========================================
[2026-04-09 15:17:40] Step 1: Running generate.py ...
[1/5] Generating: best masticating juicer for celery...
❌ Failed: best masticating juicer for celery
[2/5] Generating: centrifugal vs masticating juicer...
❌ Failed: centrifugal vs masticating juicer
[3/5] Generating: best compact juicer for small apartments...
❌ Failed: best compact juicer for small apartments
[4/5] Generating: best electric indoor grill for steak...
❌ Failed: best electric indoor grill for steak
[5/5] Generating: george foreman vs ninja foodi grill...
❌ Failed: george foreman vs ninja foodi grill

Batch complete! Run 'python3 publish.py' to push changes to GitHub.
[2026-04-09 15:17:48] Step 1 ✓ generate.py complete
[2026-04-09 15:17:48] Step 2: Running index.py ...
Generated deploy/index.html with 27 posts.
[2026-04-09 15:17:48] Step 2 ✓ index.py complete
[2026-04-09 15:17:48] Step 3: Syncing index.html to repo root ...
[2026-04-09 15:17:48] Step 3 ✓ index.html copied
[2026-04-09 15:17:48] Step 4: Syncing new posts to ./posts/ ...
[2026-04-09 15:17:48] Step 4 ✓ 0 file(s) synced to ./posts/
[2026-04-09 15:17:48] Step 5: Syncing sitemap.xml ...
[2026-04-09 15:17:48] Step 5 ✓ sitemap.xml copied
[2026-04-09 15:17:48] Step 6: Committing and pushing ...
To https://github.com/nicheflowblog/nicheflowblog.github.io
   c32fc57..c5d3189  main -> main
[2026-04-09 15:17:49] Step 6 ✓ Pushed to origin main
[2026-04-09 15:17:49] ==========================================
[2026-04-09 15:17:49] Run complete
[2026-04-09 15:17:49] ==========================================
[2026-04-10 11:37:29] ==========================================
[2026-04-10 11:37:29] NicheFlow daily run started
[2026-04-10 11:37:29] ==========================================
[2026-04-10 11:37:29] Step 1: Running generate.py ...
[1/5] Generating: best masticating juicer for celery...
❌ Failed: best masticating juicer for celery
[2/5] Generating: centrifugal vs masticating juicer...
❌ Failed: centrifugal vs masticating juicer
[3/5] Generating: best compact juicer for small apartments...
❌ Failed: best compact juicer for small apartments
[4/5] Generating: best electric indoor grill for steak...
❌ Failed: best electric indoor grill for steak
[5/5] Generating: george foreman vs ninja foodi grill...
❌ Failed: george foreman vs ninja foodi grill

Batch complete! Run 'python3 publish.py' to push changes to GitHub.
[2026-04-10 11:37:36] Step 1 ✓ generate.py complete
[2026-04-10 11:37:36] Step 2: Running index.py ...
Generated deploy/index.html with 27 posts.
[2026-04-10 11:37:36] Step 2 ✓ index.py complete
[2026-04-10 11:37:36] Step 3: Syncing index.html to repo root ...
[2026-04-10 11:37:36] Step 3 ✓ index.html copied
[2026-04-10 11:37:36] Step 4: Syncing new posts to ./posts/ ...
[2026-04-10 11:37:36] Step 4 ✓ 0 file(s) synced to ./posts/
[2026-04-10 11:37:36] Step 5: Syncing sitemap.xml ...
[2026-04-10 11:37:36] Step 5 ✓ sitemap.xml copied
[2026-04-10 11:37:36] Step 6: Committing and pushing ...
To https://github.com/nicheflowblog/nicheflowblog.github.io
   130df23..945b809  main -> main
[2026-04-10 11:37:37] Step 6 ✓ Pushed to origin main
[2026-04-10 11:37:37] ==========================================
[2026-04-10 11:37:37] Run complete
[2026-04-10 11:37:37] ==========================================
[2026-04-11 10:59:04] ==========================================
[2026-04-11 10:59:04] NicheFlow daily run started
[2026-04-11 10:59:04] ==========================================
[2026-04-11 10:59:04] Step 1: Running generate.py ...
[1/5] Generating: best masticating juicer for celery...
❌ Failed: best masticating juicer for celery
[2/5] Generating: centrifugal vs masticating juicer...
❌ Failed: centrifugal vs masticating juicer
[3/5] Generating: best compact juicer for small apartments...
❌ Failed: best compact juicer for small apartments
[4/5] Generating: best electric indoor grill for steak...
❌ Failed: best electric indoor grill for steak
[5/5] Generating: george foreman vs ninja foodi grill...
❌ Failed: george foreman vs ninja foodi grill

Batch complete! Run 'python3 publish.py' to push changes to GitHub.
[2026-04-11 10:59:11] Step 1 ✓ generate.py complete
[2026-04-11 10:59:11] Step 2: Running index.py ...
Generated deploy/index.html with 27 posts.
[2026-04-11 10:59:11] Step 2 ✓ index.py complete
[2026-04-11 10:59:11] Step 3: Syncing index.html to repo root ...
[2026-04-11 10:59:11] Step 3 ✓ index.html copied
[2026-04-11 10:59:11] Step 4: Syncing new posts to ./posts/ ...
[2026-04-11 10:59:12] Step 4 ✓ 0 file(s) synced to ./posts/
[2026-04-11 10:59:12] Step 5: Syncing sitemap.xml ...
[2026-04-11 10:59:12] Step 5 ✓ sitemap.xml copied
[2026-04-11 10:59:12] Step 6: Committing and pushing ...
To https://github.com/nicheflowblog/nicheflowblog.github.io
   4e394ea..c27792e  main -> main
[2026-04-11 10:59:12] Step 6 ✓ Pushed to origin main
[2026-04-11 10:59:12] ==========================================
[2026-04-11 10:59:12] Run complete
[2026-04-11 10:59:12] ==========================================
[2026-04-12 11:06:51] ==========================================
[2026-04-12 11:06:51] NicheFlow daily run started
[2026-04-12 11:06:51] ==========================================
[2026-04-12 11:06:51] Step 1: Running generate.py ...
[1/5] Generating: best masticating juicer for celery...
❌ Failed: best masticating juicer for celery
[2/5] Generating: centrifugal vs masticating juicer...
❌ Failed: centrifugal vs masticating juicer
[3/5] Generating: best compact juicer for small apartments...
❌ Failed: best compact juicer for small apartments
[4/5] Generating: best electric indoor grill for steak...
❌ Failed: best electric indoor grill for steak
[5/5] Generating: george foreman vs ninja foodi grill...
❌ Failed: george foreman vs ninja foodi grill

Batch complete! Run 'python3 publish.py' to push changes to GitHub.
[2026-04-12 11:06:59] Step 1 ✓ generate.py complete
[2026-04-12 11:06:59] Step 2: Running index.py ...
Generated deploy/index.html with 27 posts.
[2026-04-12 11:06:59] Step 2 ✓ index.py complete
[2026-04-12 11:06:59] Step 3: Syncing index.html to repo root ...
[2026-04-12 11:06:59] Step 3 ✓ index.html copied
[2026-04-12 11:06:59] Step 4: Syncing new posts to ./posts/ ...
[2026-04-12 11:06:59] Step 4 ✓ 0 file(s) synced to ./posts/
[2026-04-12 11:06:59] Step 5: Syncing sitemap.xml ...
[2026-04-12 11:06:59] Step 5 ✓ sitemap.xml copied
[2026-04-12 11:06:59] Step 6: Committing and pushing ...
To https://github.com/nicheflowblog/nicheflowblog.github.io
   e7b654c..6751e55  main -> main
[2026-04-12 11:07:00] Step 6 ✓ Pushed to origin main
[2026-04-12 11:07:00] ==========================================
[2026-04-12 11:07:00] Run complete
[2026-04-12 11:07:00] ==========================================
[2026-04-13 12:12:05] ==========================================
[2026-04-13 12:12:05] NicheFlow daily run started
[2026-04-13 12:12:05] ==========================================
[2026-04-13 12:12:05] Step 1: Running generate.py ...
[1/5] Generating: best masticating juicer for celery...
❌ Failed: best masticating juicer for celery
[2/5] Generating: centrifugal vs masticating juicer...
❌ Failed: centrifugal vs masticating juicer
[3/5] Generating: best compact juicer for small apartments...
❌ Failed: best compact juicer for small apartments
[4/5] Generating: best electric indoor grill for steak...
❌ Failed: best electric indoor grill for steak
[5/5] Generating: george foreman vs ninja foodi grill...
❌ Failed: george foreman vs ninja foodi grill

Batch complete! Run 'python3 publish.py' to push changes to GitHub.
[2026-04-13 12:12:13] Step 1 ✓ generate.py complete
[2026-04-13 12:12:13] Step 2: Running index.py ...
Generated deploy/index.html with 27 posts.
[2026-04-13 12:12:13] Step 2 ✓ index.py complete
[2026-04-13 12:12:13] Step 3: Syncing index.html to repo root ...
[2026-04-13 12:12:13] Step 3 ✓ index.html copied
[2026-04-13 12:12:13] Step 4: Syncing new posts to ./posts/ ...
[2026-04-13 12:12:13] Step 4 ✓ 0 file(s) synced to ./posts/
[2026-04-13 12:12:13] Step 5: Syncing sitemap.xml ...
[2026-04-13 12:12:13] Step 5 ✓ sitemap.xml copied
[2026-04-13 12:12:13] Step 6: Committing and pushing ...
To https://github.com/nicheflowblog/nicheflowblog.github.io
   f23bc11..3da5655  main -> main
[2026-04-13 12:12:14] Step 6 ✓ Pushed to origin main
[2026-04-13 12:12:14] ==========================================
[2026-04-13 12:12:14] Run complete
[2026-04-13 12:12:14] ==========================================
[2026-04-14 12:08:55] ==========================================
[2026-04-14 12:08:55] NicheFlow daily run started
[2026-04-14 12:08:55] ==========================================
[2026-04-14 12:08:55] Step 1: Running generate.py ...
[1/5] Generating: best masticating juicer for celery...
❌ Failed: best masticating juicer for celery
[2/5] Generating: centrifugal vs masticating juicer...
❌ Failed: centrifugal vs masticating juicer
[3/5] Generating: best compact juicer for small apartments...
❌ Failed: best compact juicer for small apartments
[4/5] Generating: best electric indoor grill for steak...
❌ Failed: best electric indoor grill for steak
[5/5] Generating: george foreman vs ninja foodi grill...
❌ Failed: george foreman vs ninja foodi grill

Batch complete! Run 'python3 publish.py' to push changes to GitHub.
[2026-04-14 12:09:03] Step 1 ✓ generate.py complete
[2026-04-14 12:09:03] Step 2: Running index.py ...
Generated deploy/index.html with 27 posts.
[2026-04-14 12:09:03] Step 2 ✓ index.py complete
[2026-04-14 12:09:03] Step 3: Syncing index.html to repo root ...
[2026-04-14 12:09:03] Step 3 ✓ index.html copied
[2026-04-14 12:09:03] Step 4: Syncing new posts to ./posts/ ...
[2026-04-14 12:09:03] Step 4 ✓ 0 file(s) synced to ./posts/
[2026-04-14 12:09:03] Step 5: Syncing sitemap.xml ...
[2026-04-14 12:09:03] Step 5 ✓ sitemap.xml copied
[2026-04-14 12:09:03] Step 6: Committing and pushing ...
To https://github.com/nicheflowblog/nicheflowblog.github.io
   03adee4..a250ff7  main -> main
[2026-04-14 12:09:04] Step 6 ✓ Pushed to origin main
[2026-04-14 12:09:04] ==========================================
[2026-04-14 12:09:04] Run complete
[2026-04-14 12:09:04] ==========================================
[2026-04-15 12:05:54] ==========================================
[2026-04-15 12:05:54] NicheFlow daily run started
[2026-04-15 12:05:54] ==========================================
[2026-04-15 12:05:54] Step 1: Running generate.py ...
[1/5] Generating: best masticating juicer for celery...
❌ Failed: best masticating juicer for celery
[2/5] Generating: centrifugal vs masticating juicer...
❌ Failed: centrifugal vs masticating juicer
[3/5] Generating: best compact juicer for small apartments...
❌ Failed: best compact juicer for small apartments
[4/5] Generating: best electric indoor grill for steak...
❌ Failed: best electric indoor grill for steak
[5/5] Generating: george foreman vs ninja foodi grill...
❌ Failed: george foreman vs ninja foodi grill

Batch complete! Run 'python3 publish.py' to push changes to GitHub.
[2026-04-15 12:06:02] Step 1 ✓ generate.py complete
[2026-04-15 12:06:02] Step 2: Running index.py ...
Generated deploy/index.html with 27 posts.
[2026-04-15 12:06:02] Step 2 ✓ index.py complete
[2026-04-15 12:06:02] Step 3: Syncing index.html to repo root ...
[2026-04-15 12:06:02] Step 3 ✓ index.html copied
[2026-04-15 12:06:02] Step 4: Syncing new posts to ./posts/ ...
[2026-04-15 12:06:02] Step 4 ✓ 0 file(s) synced to ./posts/
[2026-04-15 12:06:02] Step 5: Syncing sitemap.xml ...
[2026-04-15 12:06:02] Step 5 ✓ sitemap.xml copied
[2026-04-15 12:06:02] Step 6: Committing and pushing ...
To https://github.com/nicheflowblog/nicheflowblog.github.io
   13e3c04..853c8e4  main -> main
[2026-04-15 12:06:03] Step 6 ✓ Pushed to origin main
[2026-04-15 12:06:03] ==========================================
[2026-04-15 12:06:03] Run complete
[2026-04-15 12:06:03] ==========================================
[2026-04-16 12:11:04] ==========================================
[2026-04-16 12:11:04] NicheFlow daily run started
[2026-04-16 12:11:04] ==========================================
[2026-04-16 12:11:04] Step 1: Running generate.py ...
[1/5] Generating: best masticating juicer for celery...
❌ Failed: best masticating juicer for celery
[2/5] Generating: centrifugal vs masticating juicer...
❌ Failed: centrifugal vs masticating juicer
[3/5] Generating: best compact juicer for small apartments...
❌ Failed: best compact juicer for small apartments
[4/5] Generating: best electric indoor grill for steak...
❌ Failed: best electric indoor grill for steak
[5/5] Generating: george foreman vs ninja foodi grill...
❌ Failed: george foreman vs ninja foodi grill

Batch complete! Run 'python3 publish.py' to push changes to GitHub.
[2026-04-16 12:11:11] Step 1 ✓ generate.py complete
[2026-04-16 12:11:11] Step 2: Running index.py ...
Generated deploy/index.html with 27 posts.
[2026-04-16 12:11:12] Step 2 ✓ index.py complete
[2026-04-16 12:11:12] Step 3: Syncing index.html to repo root ...
[2026-04-16 12:11:12] Step 3 ✓ index.html copied
[2026-04-16 12:11:12] Step 4: Syncing new posts to ./posts/ ...
[2026-04-16 12:11:12] Step 4 ✓ 0 file(s) synced to ./posts/
[2026-04-16 12:11:12] Step 5: Syncing sitemap.xml ...
[2026-04-16 12:11:12] Step 5 ✓ sitemap.xml copied
[2026-04-16 12:11:12] Step 6: Committing and pushing ...
To https://github.com/nicheflowblog/nicheflowblog.github.io
   426d7ae..ad6d257  main -> main
[2026-04-16 12:11:13] Step 6 ✓ Pushed to origin main
[2026-04-16 12:11:13] ==========================================
[2026-04-16 12:11:13] Run complete
[2026-04-16 12:11:13] ==========================================
[2026-04-17 11:40:43] ==========================================
[2026-04-17 11:40:43] NicheFlow daily run started
[2026-04-17 11:40:43] ==========================================
[2026-04-17 11:40:43] Step 1: Running generate.py ...
[1/5] Generating: best masticating juicer for celery...
❌ Failed: best masticating juicer for celery
[2/5] Generating: centrifugal vs masticating juicer...
❌ Failed: centrifugal vs masticating juicer
[3/5] Generating: best compact juicer for small apartments...
❌ Failed: best compact juicer for small apartments
[4/5] Generating: best electric indoor grill for steak...
❌ Failed: best electric indoor grill for steak
[5/5] Generating: george foreman vs ninja foodi grill...
❌ Failed: george foreman vs ninja foodi grill

Batch complete! Run 'python3 publish.py' to push changes to GitHub.
[2026-04-17 11:40:51] Step 1 ✓ generate.py complete
[2026-04-17 11:40:51] Step 2: Running index.py ...
Generated deploy/index.html with 27 posts.
[2026-04-17 11:40:51] Step 2 ✓ index.py complete
[2026-04-17 11:40:51] Step 3: Syncing index.html to repo root ...
[2026-04-17 11:40:51] Step 3 ✓ index.html copied
[2026-04-17 11:40:51] Step 4: Syncing new posts to ./posts/ ...
[2026-04-17 11:40:52] Step 4 ✓ 0 file(s) synced to ./posts/
[2026-04-17 11:40:52] Step 5: Syncing sitemap.xml ...
[2026-04-17 11:40:52] Step 5 ✓ sitemap.xml copied
[2026-04-17 11:40:52] Step 6: Committing and pushing ...
To https://github.com/nicheflowblog/nicheflowblog.github.io
   b5daa7c..845e7b9  main -> main
[2026-04-17 11:40:53] Step 6 ✓ Pushed to origin main
[2026-04-17 11:40:53] ==========================================
[2026-04-17 11:40:53] Run complete
[2026-04-17 11:40:53] ==========================================
[2026-04-18 11:09:42] ==========================================
[2026-04-18 11:09:42] NicheFlow daily run started
[2026-04-18 11:09:42] ==========================================
[2026-04-18 11:09:42] Step 1: Running generate.py ...
[1/5] Generating: best masticating juicer for celery...
❌ Failed: best masticating juicer for celery
[2/5] Generating: centrifugal vs masticating juicer...
❌ Failed: centrifugal vs masticating juicer
[3/5] Generating: best compact juicer for small apartments...
❌ Failed: best compact juicer for small apartments
[4/5] Generating: best electric indoor grill for steak...
❌ Failed: best electric indoor grill for steak
[5/5] Generating: george foreman vs ninja foodi grill...
❌ Failed: george foreman vs ninja foodi grill

Batch complete! Run 'python3 publish.py' to push changes to GitHub.
[2026-04-18 11:09:50] Step 1 ✓ generate.py complete
[2026-04-18 11:09:50] Step 2: Running index.py ...
Generated deploy/index.html with 27 posts.
[2026-04-18 11:09:50] Step 2 ✓ index.py complete
[2026-04-18 11:09:50] Step 3: Syncing index.html to repo root ...
[2026-04-18 11:09:50] Step 3 ✓ index.html copied
[2026-04-18 11:09:50] Step 4: Syncing new posts to ./posts/ ...
[2026-04-18 11:09:50] Step 4 ✓ 0 file(s) synced to ./posts/
[2026-04-18 11:09:50] Step 5: Syncing sitemap.xml ...
[2026-04-18 11:09:50] Step 5 ✓ sitemap.xml copied
[2026-04-18 11:09:50] Step 6: Committing and pushing ...
To https://github.com/nicheflowblog/nicheflowblog.github.io
   0af3726..d707626  main -> main
[2026-04-18 11:09:51] Step 6 ✓ Pushed to origin main
[2026-04-18 11:09:51] ==========================================
[2026-04-18 11:09:51] Run complete
[2026-04-18 11:09:51] ==========================================
[2026-04-19 11:09:05] ==========================================
[2026-04-19 11:09:05] NicheFlow daily run started
[2026-04-19 11:09:05] ==========================================
[2026-04-19 11:09:05] Step 1: Running generate.py ...
[1/5] Generating: best masticating juicer for celery...
❌ Failed: best masticating juicer for celery
[2/5] Generating: centrifugal vs masticating juicer...
❌ Failed: centrifugal vs masticating juicer
[3/5] Generating: best compact juicer for small apartments...
❌ Failed: best compact juicer for small apartments
[4/5] Generating: best electric indoor grill for steak...
❌ Failed: best electric indoor grill for steak
[5/5] Generating: george foreman vs ninja foodi grill...
❌ Failed: george foreman vs ninja foodi grill

Batch complete! Run 'python3 publish.py' to push changes to GitHub.
[2026-04-19 11:09:13] Step 1 ✓ generate.py complete
[2026-04-19 11:09:13] Step 2: Running index.py ...
Generated deploy/index.html with 27 posts.
[2026-04-19 11:09:13] Step 2 ✓ index.py complete
[2026-04-19 11:09:13] Step 3: Syncing index.html to repo root ...
[2026-04-19 11:09:13] Step 3 ✓ index.html copied
[2026-04-19 11:09:13] Step 4: Syncing new posts to ./posts/ ...
[2026-04-19 11:09:13] Step 4 ✓ 0 file(s) synced to ./posts/
[2026-04-19 11:09:13] Step 5: Syncing sitemap.xml ...
[2026-04-19 11:09:13] Step 5 ✓ sitemap.xml copied
[2026-04-19 11:09:13] Step 6: Committing and pushing ...
To https://github.com/nicheflowblog/nicheflowblog.github.io
   5966b8a..17e2c04  main -> main
[2026-04-19 11:09:14] Step 6 ✓ Pushed to origin main
[2026-04-19 11:09:14] ==========================================
[2026-04-19 11:09:14] Run complete
[2026-04-19 11:09:14] ==========================================
[2026-04-20 12:15:42] ==========================================
[2026-04-20 12:15:42] NicheFlow daily run started
[2026-04-20 12:15:42] ==========================================
[2026-04-20 12:15:42] Step 1: Running generate.py ...
[1/5] Generating: best masticating juicer for celery...
❌ Failed: best masticating juicer for celery
[2/5] Generating: centrifugal vs masticating juicer...
❌ Failed: centrifugal vs masticating juicer
[3/5] Generating: best compact juicer for small apartments...
❌ Failed: best compact juicer for small apartments
[4/5] Generating: best electric indoor grill for steak...
❌ Failed: best electric indoor grill for steak
[5/5] Generating: george foreman vs ninja foodi grill...
❌ Failed: george foreman vs ninja foodi grill

Batch complete! Run 'python3 publish.py' to push changes to GitHub.
[2026-04-20 12:15:50] Step 1 ✓ generate.py complete
[2026-04-20 12:15:50] Step 2: Running index.py ...
Generated deploy/index.html with 27 posts.
[2026-04-20 12:15:50] Step 2 ✓ index.py complete
[2026-04-20 12:15:50] Step 3: Syncing index.html to repo root ...
[2026-04-20 12:15:50] Step 3 ✓ index.html copied
[2026-04-20 12:15:50] Step 4: Syncing new posts to ./posts/ ...
[2026-04-20 12:15:50] Step 4 ✓ 0 file(s) synced to ./posts/
[2026-04-20 12:15:50] Step 5: Syncing sitemap.xml ...
[2026-04-20 12:15:50] Step 5 ✓ sitemap.xml copied
[2026-04-20 12:15:50] Step 6: Committing and pushing ...
To https://github.com/nicheflowblog/nicheflowblog.github.io
   12db4a1..5e82590  main -> main
[2026-04-20 12:15:51] Step 6 ✓ Pushed to origin main
[2026-04-20 12:15:51] ==========================================
[2026-04-20 12:15:51] Run complete
[2026-04-20 12:15:51] ==========================================
[2026-04-21 12:10:17] ==========================================
[2026-04-21 12:10:17] NicheFlow daily run started
[2026-04-21 12:10:17] ==========================================
[2026-04-21 12:10:17] Step 1: Running generate.py ...
[1/5] Generating: best masticating juicer for celery...
❌ Failed: best masticating juicer for celery
[2/5] Generating: centrifugal vs masticating juicer...
❌ Failed: centrifugal vs masticating juicer
[3/5] Generating: best compact juicer for small apartments...
❌ Failed: best compact juicer for small apartments
[4/5] Generating: best electric indoor grill for steak...
❌ Failed: best electric indoor grill for steak
[5/5] Generating: george foreman vs ninja foodi grill...
❌ Failed: george foreman vs ninja foodi grill

Batch complete! Run 'python3 publish.py' to push changes to GitHub.
[2026-04-21 12:10:24] Step 1 ✓ generate.py complete
[2026-04-21 12:10:24] Step 2: Running index.py ...
Generated deploy/index.html with 27 posts.
[2026-04-21 12:10:24] Step 2 ✓ index.py complete
[2026-04-21 12:10:24] Step 3: Syncing index.html to repo root ...
[2026-04-21 12:10:24] Step 3 ✓ index.html copied
[2026-04-21 12:10:24] Step 4: Syncing new posts to ./posts/ ...
[2026-04-21 12:10:24] Step 4 ✓ 0 file(s) synced to ./posts/
[2026-04-21 12:10:24] Step 5: Syncing sitemap.xml ...
[2026-04-21 12:10:24] Step 5 ✓ sitemap.xml copied
[2026-04-21 12:10:24] Step 6: Committing and pushing ...
To https://github.com/nicheflowblog/nicheflowblog.github.io
   ee264e3..90c7dba  main -> main
[2026-04-21 12:10:25] Step 6 ✓ Pushed to origin main
[2026-04-21 12:10:25] ==========================================
[2026-04-21 12:10:25] Run complete
[2026-04-21 12:10:25] ==========================================
[2026-04-22 12:10:07] ==========================================
[2026-04-22 12:10:07] NicheFlow daily run started
[2026-04-22 12:10:07] ==========================================
[2026-04-22 12:10:07] Step 1: Running generate.py ...
[1/5] Generating: best masticating juicer for celery...
❌ Failed: best masticating juicer for celery
[2/5] Generating: centrifugal vs masticating juicer...
❌ Failed: centrifugal vs masticating juicer
[3/5] Generating: best compact juicer for small apartments...
❌ Failed: best compact juicer for small apartments
[4/5] Generating: best electric indoor grill for steak...
❌ Failed: best electric indoor grill for steak
[5/5] Generating: george foreman vs ninja foodi grill...
❌ Failed: george foreman vs ninja foodi grill

Batch complete! Run 'python3 publish.py' to push changes to GitHub.
[2026-04-22 12:10:14] Step 1 ✓ generate.py complete
[2026-04-22 12:10:14] Step 2: Running index.py ...
Generated deploy/index.html with 27 posts.
[2026-04-22 12:10:14] Step 2 ✓ index.py complete
[2026-04-22 12:10:14] Step 3: Syncing index.html to repo root ...
[2026-04-22 12:10:14] Step 3 ✓ index.html copied
[2026-04-22 12:10:14] Step 4: Syncing new posts to ./posts/ ...
[2026-04-22 12:10:14] Step 4 ✓ 0 file(s) synced to ./posts/
[2026-04-22 12:10:14] Step 5: Syncing sitemap.xml ...
[2026-04-22 12:10:14] Step 5 ✓ sitemap.xml copied
[2026-04-22 12:10:14] Step 6: Committing and pushing ...
To https://github.com/nicheflowblog/nicheflowblog.github.io
   a1e81f8..79f17a9  main -> main
[2026-04-22 12:10:16] Step 6 ✓ Pushed to origin main
[2026-04-22 12:10:16] ==========================================
[2026-04-22 12:10:16] Run complete
[2026-04-22 12:10:16] ==========================================
[2026-04-23 12:09:39] ==========================================
[2026-04-23 12:09:39] NicheFlow daily run started
[2026-04-23 12:09:39] ==========================================
[2026-04-23 12:09:39] Step 1: Running generate.py ...
[1/5] Generating: best masticating juicer for celery...
❌ Failed: best masticating juicer for celery
[2/5] Generating: centrifugal vs masticating juicer...
❌ Failed: centrifugal vs masticating juicer
[3/5] Generating: best compact juicer for small apartments...
❌ Failed: best compact juicer for small apartments
[4/5] Generating: best electric indoor grill for steak...
❌ Failed: best electric indoor grill for steak
[5/5] Generating: george foreman vs ninja foodi grill...
❌ Failed: george foreman vs ninja foodi grill

Batch complete! Run 'python3 publish.py' to push changes to GitHub.
[2026-04-23 12:09:46] Step 1 ✓ generate.py complete
[2026-04-23 12:09:46] Step 2: Running index.py ...
Generated deploy/index.html with 27 posts.
[2026-04-23 12:09:46] Step 2 ✓ index.py complete
[2026-04-23 12:09:46] Step 3: Syncing index.html to repo root ...
[2026-04-23 12:09:46] Step 3 ✓ index.html copied
[2026-04-23 12:09:46] Step 4: Syncing new posts to ./posts/ ...
[2026-04-23 12:09:46] Step 4 ✓ 0 file(s) synced to ./posts/
[2026-04-23 12:09:46] Step 5: Syncing sitemap.xml ...
[2026-04-23 12:09:46] Step 5 ✓ sitemap.xml copied
[2026-04-23 12:09:46] Step 6: Committing and pushing ...
To https://github.com/nicheflowblog/nicheflowblog.github.io
   c0009ea..0a08f1f  main -> main
[2026-04-23 12:09:47] Step 6 ✓ Pushed to origin main
[2026-04-23 12:09:47] ==========================================
[2026-04-23 12:09:47] Run complete
[2026-04-23 12:09:47] ==========================================
[2026-04-24 12:06:12] ==========================================
[2026-04-24 12:06:12] NicheFlow daily run started
[2026-04-24 12:06:12] ==========================================
[2026-04-24 12:06:12] Step 1: Running generate.py ...
[1/5] Generating: best masticating juicer for celery...
❌ Failed: best masticating juicer for celery
[2/5] Generating: centrifugal vs masticating juicer...
❌ Failed: centrifugal vs masticating juicer
[3/5] Generating: best compact juicer for small apartments...
❌ Failed: best compact juicer for small apartments
[4/5] Generating: best electric indoor grill for steak...
❌ Failed: best electric indoor grill for steak
[5/5] Generating: george foreman vs ninja foodi grill...
❌ Failed: george foreman vs ninja foodi grill

Batch complete! Run 'python3 publish.py' to push changes to GitHub.
[2026-04-24 12:06:19] Step 1 ✓ generate.py complete
[2026-04-24 12:06:19] Step 2: Running index.py ...
Generated deploy/index.html with 27 posts.
[2026-04-24 12:06:19] Step 2 ✓ index.py complete
[2026-04-24 12:06:19] Step 3: Syncing index.html to repo root ...
[2026-04-24 12:06:19] Step 3 ✓ index.html copied
[2026-04-24 12:06:19] Step 4: Syncing new posts to ./posts/ ...
[2026-04-24 12:06:19] Step 4 ✓ 0 file(s) synced to ./posts/
[2026-04-24 12:06:19] Step 5: Syncing sitemap.xml ...
[2026-04-24 12:06:19] Step 5 ✓ sitemap.xml copied
[2026-04-24 12:06:19] Step 6: Committing and pushing ...
To https://github.com/nicheflowblog/nicheflowblog.github.io
   6a77abd..243c267  main -> main
[2026-04-24 12:06:21] Step 6 ✓ Pushed to origin main
[2026-04-24 12:06:21] ==========================================
[2026-04-24 12:06:21] Run complete
[2026-04-24 12:06:21] ==========================================
[2026-04-25 11:25:41] ==========================================
[2026-04-25 11:25:41] NicheFlow daily run started
[2026-04-25 11:25:41] ==========================================
[2026-04-25 11:25:41] Step 1: Running generate.py ...
[1/5] Generating: best masticating juicer for celery...
❌ Failed: best masticating juicer for celery
[2/5] Generating: centrifugal vs masticating juicer...
❌ Failed: centrifugal vs masticating juicer
[3/5] Generating: best compact juicer for small apartments...
❌ Failed: best compact juicer for small apartments
[4/5] Generating: best electric indoor grill for steak...
❌ Failed: best electric indoor grill for steak
[5/5] Generating: george foreman vs ninja foodi grill...
❌ Failed: george foreman vs ninja foodi grill

Batch complete! Run 'python3 publish.py' to push changes to GitHub.
[2026-04-25 11:25:48] Step 1 ✓ generate.py complete
[2026-04-25 11:25:48] Step 2: Running index.py ...
Generated deploy/index.html with 27 posts.
[2026-04-25 11:25:48] Step 2 ✓ index.py complete
[2026-04-25 11:25:48] Step 3: Syncing index.html to repo root ...
[2026-04-25 11:25:48] Step 3 ✓ index.html copied
[2026-04-25 11:25:48] Step 4: Syncing new posts to ./posts/ ...
[2026-04-25 11:25:49] Step 4 ✓ 0 file(s) synced to ./posts/
[2026-04-25 11:25:49] Step 5: Syncing sitemap.xml ...
[2026-04-25 11:25:49] Step 5 ✓ sitemap.xml copied
[2026-04-25 11:25:49] Step 6: Committing and pushing ...
To https://github.com/nicheflowblog/nicheflowblog.github.io
   9dc19bd..7e2ae4d  main -> main
[2026-04-25 11:25:49] Step 6 ✓ Pushed to origin main
[2026-04-25 11:25:49] ==========================================
[2026-04-25 11:25:49] Run complete
[2026-04-25 11:25:49] ==========================================
[2026-04-26 11:26:25] ==========================================
[2026-04-26 11:26:25] NicheFlow daily run started
[2026-04-26 11:26:25] ==========================================
[2026-04-26 11:26:25] Step 1: Running generate.py ...
[1/5] Generating: best masticating juicer for celery...
❌ Failed: best masticating juicer for celery
[2/5] Generating: centrifugal vs masticating juicer...
❌ Failed: centrifugal vs masticating juicer
[3/5] Generating: best compact juicer for small apartments...
❌ Failed: best compact juicer for small apartments
[4/5] Generating: best electric indoor grill for steak...
❌ Failed: best electric indoor grill for steak
[5/5] Generating: george foreman vs ninja foodi grill...
❌ Failed: george foreman vs ninja foodi grill

Batch complete! Run 'python3 publish.py' to push changes to GitHub.
[2026-04-26 11:26:33] Step 1 ✓ generate.py complete
[2026-04-26 11:26:33] Step 2: Running index.py ...
Generated deploy/index.html with 27 posts.
[2026-04-26 11:26:33] Step 2 ✓ index.py complete
[2026-04-26 11:26:33] Step 3: Syncing index.html to repo root ...
[2026-04-26 11:26:33] Step 3 ✓ index.html copied
[2026-04-26 11:26:33] Step 4: Syncing new posts to ./posts/ ...
[2026-04-26 11:26:33] Step 4 ✓ 0 file(s) synced to ./posts/
[2026-04-26 11:26:33] Step 5: Syncing sitemap.xml ...
[2026-04-26 11:26:33] Step 5 ✓ sitemap.xml copied
[2026-04-26 11:26:33] Step 6: Committing and pushing ...
To https://github.com/nicheflowblog/nicheflowblog.github.io
   968a63b..cce5322  main -> main
[2026-04-26 11:26:34] Step 6 ✓ Pushed to origin main
[2026-04-26 11:26:34] ==========================================
[2026-04-26 11:26:34] Run complete
[2026-04-26 11:26:34] ==========================================
[2026-04-27 15:26:02] ==========================================
[2026-04-27 15:26:02] NicheFlow daily run started
[2026-04-27 15:26:02] ==========================================
[2026-04-27 15:26:02] Step 1: Running generate.py ...
[1/5] Generating: best masticating juicer for celery...
❌ Failed: best masticating juicer for celery
[2/5] Generating: centrifugal vs masticating juicer...
❌ Failed: centrifugal vs masticating juicer
[3/5] Generating: best compact juicer for small apartments...
❌ Failed: best compact juicer for small apartments
[4/5] Generating: best electric indoor grill for steak...
❌ Failed: best electric indoor grill for steak
[5/5] Generating: george foreman vs ninja foodi grill...
❌ Failed: george foreman vs ninja foodi grill

Batch complete! Run 'python3 publish.py' to push changes to GitHub.
[2026-04-27 15:26:10] Step 1 ✓ generate.py complete
[2026-04-27 15:26:10] Step 2: Running index.py ...
Generated deploy/index.html with 27 posts.
[2026-04-27 15:26:10] Step 2 ✓ index.py complete
[2026-04-27 15:26:10] Step 3: Syncing index.html to repo root ...
[2026-04-27 15:26:10] Step 3 ✓ index.html copied
[2026-04-27 15:26:10] Step 4: Syncing new posts to ./posts/ ...
[2026-04-27 15:26:10] Step 4 ✓ 0 file(s) synced to ./posts/
[2026-04-27 15:26:10] Step 5: Syncing sitemap.xml ...
[2026-04-27 15:26:10] Step 5 ✓ sitemap.xml copied
[2026-04-27 15:26:10] Step 6: Committing and pushing ...
To https://github.com/nicheflowblog/nicheflowblog.github.io
   3c5bbb6..4221676  main -> main
[2026-04-27 15:26:11] Step 6 ✓ Pushed to origin main
[2026-04-27 15:26:11] ==========================================
[2026-04-27 15:26:11] Run complete
[2026-04-27 15:26:11] ==========================================
[2026-04-28 16:22:09] ==========================================
[2026-04-28 16:22:09] NicheFlow daily run started
[2026-04-28 16:22:09] ==========================================
[2026-04-28 16:22:09] Step 1: Running generate.py ...
[1/5] Generating: best masticating juicer for celery...
❌ Failed: best masticating juicer for celery
[2/5] Generating: centrifugal vs masticating juicer...
❌ Failed: centrifugal vs masticating juicer
[3/5] Generating: best compact juicer for small apartments...
❌ Failed: best compact juicer for small apartments
[4/5] Generating: best electric indoor grill for steak...
❌ Failed: best electric indoor grill for steak
[5/5] Generating: george foreman vs ninja foodi grill...
❌ Failed: george foreman vs ninja foodi grill

Batch complete! Run 'python3 publish.py' to push changes to GitHub.
[2026-04-28 16:22:16] Step 1 ✓ generate.py complete
[2026-04-28 16:22:16] Step 2: Running index.py ...
Generated deploy/index.html with 27 posts.
[2026-04-28 16:22:16] Step 2 ✓ index.py complete
[2026-04-28 16:22:16] Step 3: Syncing index.html to repo root ...
[2026-04-28 16:22:16] Step 3 ✓ index.html copied
[2026-04-28 16:22:16] Step 4: Syncing new posts to ./posts/ ...
[2026-04-28 16:22:16] Step 4 ✓ 0 file(s) synced to ./posts/
[2026-04-28 16:22:16] Step 5: Syncing sitemap.xml ...
[2026-04-28 16:22:16] Step 5 ✓ sitemap.xml copied
[2026-04-28 16:22:16] Step 6: Committing and pushing ...
To https://github.com/nicheflowblog/nicheflowblog.github.io
   f42f2cf..2463c9b  main -> main
[2026-04-28 16:22:18] Step 6 ✓ Pushed to origin main
[2026-04-28 16:22:18] ==========================================
[2026-04-28 16:22:18] Run complete
[2026-04-28 16:22:18] ==========================================
[2026-04-29 16:04:08] ==========================================
[2026-04-29 16:04:08] NicheFlow daily run started
[2026-04-29 16:04:08] ==========================================
[2026-04-29 16:04:08] Step 1: Running generate.py ...
[1/5] Generating: best masticating juicer for celery...
❌ Failed: best masticating juicer for celery
[2/5] Generating: centrifugal vs masticating juicer...
❌ Failed: centrifugal vs masticating juicer
[3/5] Generating: best compact juicer for small apartments...
❌ Failed: best compact juicer for small apartments
[4/5] Generating: best electric indoor grill for steak...
❌ Failed: best electric indoor grill for steak
[5/5] Generating: george foreman vs ninja foodi grill...
❌ Failed: george foreman vs ninja foodi grill

Batch complete! Run 'python3 publish.py' to push changes to GitHub.
[2026-04-29 16:04:16] Step 1 ✓ generate.py complete
[2026-04-29 16:04:16] Step 2: Running index.py ...
Generated deploy/index.html with 27 posts.
[2026-04-29 16:04:16] Step 2 ✓ index.py complete
[2026-04-29 16:04:16] Step 3: Syncing index.html to repo root ...
[2026-04-29 16:04:16] Step 3 ✓ index.html copied
[2026-04-29 16:04:16] Step 4: Syncing new posts to ./posts/ ...
[2026-04-29 16:04:16] Step 4 ✓ 0 file(s) synced to ./posts/
[2026-04-29 16:04:16] Step 5: Syncing sitemap.xml ...
[2026-04-29 16:04:16] Step 5 ✓ sitemap.xml copied
[2026-04-29 16:04:16] Step 6: Committing and pushing ...
To https://github.com/nicheflowblog/nicheflowblog.github.io
   eb87639..b4ce8af  main -> main
[2026-04-29 16:04:17] Step 6 ✓ Pushed to origin main
[2026-04-29 16:04:17] ==========================================
[2026-04-29 16:04:17] Run complete
[2026-04-29 16:04:17] ==========================================
[2026-04-30 15:29:10] ==========================================
[2026-04-30 15:29:10] NicheFlow daily run started
[2026-04-30 15:29:10] ==========================================
[2026-04-30 15:29:10] Step 1: Running generate.py ...
[1/5] Generating: best masticating juicer for celery...
❌ Failed: best masticating juicer for celery
[2/5] Generating: centrifugal vs masticating juicer...
❌ Failed: centrifugal vs masticating juicer
[3/5] Generating: best compact juicer for small apartments...
❌ Failed: best compact juicer for small apartments
[4/5] Generating: best electric indoor grill for steak...
❌ Failed: best electric indoor grill for steak
[5/5] Generating: george foreman vs ninja foodi grill...
❌ Failed: george foreman vs ninja foodi grill

Batch complete! Run 'python3 publish.py' to push changes to GitHub.
[2026-04-30 15:29:18] Step 1 ✓ generate.py complete
[2026-04-30 15:29:18] Step 2: Running index.py ...
Generated deploy/index.html with 27 posts.
[2026-04-30 15:29:18] Step 2 ✓ index.py complete
[2026-04-30 15:29:18] Step 3: Syncing index.html to repo root ...
[2026-04-30 15:29:18] Step 3 ✓ index.html copied
[2026-04-30 15:29:18] Step 4: Syncing new posts to ./posts/ ...
[2026-04-30 15:29:18] Step 4 ✓ 0 file(s) synced to ./posts/
[2026-04-30 15:29:18] Step 5: Syncing sitemap.xml ...
[2026-04-30 15:29:18] Step 5 ✓ sitemap.xml copied
[2026-04-30 15:29:18] Step 6: Committing and pushing ...
To https://github.com/nicheflowblog/nicheflowblog.github.io
   6aa5703..dd21deb  main -> main
[2026-04-30 15:29:19] Step 6 ✓ Pushed to origin main
[2026-04-30 15:29:19] ==========================================
[2026-04-30 15:29:19] Run complete
[2026-04-30 15:29:19] ==========================================
[2026-05-01 12:06:25] ==========================================
[2026-05-01 12:06:25] NicheFlow daily run started
[2026-05-01 12:06:25] ==========================================
[2026-05-01 12:06:25] Step 1: Running generate.py ...
[1/5] Generating: best masticating juicer for celery...
❌ Failed: best masticating juicer for celery
[2/5] Generating: centrifugal vs masticating juicer...
❌ Failed: centrifugal vs masticating juicer
[3/5] Generating: best compact juicer for small apartments...
❌ Failed: best compact juicer for small apartments
[4/5] Generating: best electric indoor grill for steak...
❌ Failed: best electric indoor grill for steak
[5/5] Generating: george foreman vs ninja foodi grill...
❌ Failed: george foreman vs ninja foodi grill

Batch complete! Run 'python3 publish.py' to push changes to GitHub.
[2026-05-01 12:06:33] Step 1 ✓ generate.py complete
[2026-05-01 12:06:33] Step 2: Running index.py ...
Generated deploy/index.html with 27 posts.
[2026-05-01 12:06:33] Step 2 ✓ index.py complete
[2026-05-01 12:06:33] Step 3: Syncing index.html to repo root ...
[2026-05-01 12:06:33] Step 3 ✓ index.html copied
[2026-05-01 12:06:33] Step 4: Syncing new posts to ./posts/ ...
[2026-05-01 12:06:33] Step 4 ✓ 0 file(s) synced to ./posts/
[2026-05-01 12:06:33] Step 5: Syncing sitemap.xml ...
[2026-05-01 12:06:33] Step 5 ✓ sitemap.xml copied
[2026-05-01 12:06:33] Step 6: Committing and pushing ...
To https://github.com/nicheflowblog/nicheflowblog.github.io
   79c0c3a..fea9347  main -> main
[2026-05-01 12:06:34] Step 6 ✓ Pushed to origin main
[2026-05-01 12:06:34] ==========================================
[2026-05-01 12:06:34] Run complete
[2026-05-01 12:06:34] ==========================================
[2026-05-02 11:33:02] ==========================================
[2026-05-02 11:33:02] NicheFlow daily run started
[2026-05-02 11:33:02] ==========================================
[2026-05-02 11:33:02] Step 1: Running generate.py ...
[1/5] Generating: best masticating juicer for celery...
❌ Failed: best masticating juicer for celery
[2/5] Generating: centrifugal vs masticating juicer...
❌ Failed: centrifugal vs masticating juicer
[3/5] Generating: best compact juicer for small apartments...
❌ Failed: best compact juicer for small apartments
[4/5] Generating: best electric indoor grill for steak...
❌ Failed: best electric indoor grill for steak
[5/5] Generating: george foreman vs ninja foodi grill...
❌ Failed: george foreman vs ninja foodi grill

Batch complete! Run 'python3 publish.py' to push changes to GitHub.
[2026-05-02 11:33:10] Step 1 ✓ generate.py complete
[2026-05-02 11:33:10] Step 2: Running index.py ...
Generated deploy/index.html with 27 posts.
[2026-05-02 11:33:10] Step 2 ✓ index.py complete
[2026-05-02 11:33:10] Step 3: Syncing index.html to repo root ...
[2026-05-02 11:33:10] Step 3 ✓ index.html copied
[2026-05-02 11:33:10] Step 4: Syncing new posts to ./posts/ ...
[2026-05-02 11:33:10] Step 4 ✓ 0 file(s) synced to ./posts/
[2026-05-02 11:33:10] Step 5: Syncing sitemap.xml ...
[2026-05-02 11:33:10] Step 5 ✓ sitemap.xml copied
[2026-05-02 11:33:10] Step 6: Committing and pushing ...
To https://github.com/nicheflowblog/nicheflowblog.github.io
   ae1d188..732b2bb  main -> main
[2026-05-02 11:33:11] Step 6 ✓ Pushed to origin main
[2026-05-02 11:33:11] ==========================================
[2026-05-02 11:33:11] Run complete
[2026-05-02 11:33:11] ==========================================
[2026-05-03 11:28:46] ==========================================
[2026-05-03 11:28:46] NicheFlow daily run started
[2026-05-03 11:28:46] ==========================================
[2026-05-03 11:28:46] Step 1: Running generate.py ...
[1/5] Generating: best masticating juicer for celery...
❌ Failed: best masticating juicer for celery
[2/5] Generating: centrifugal vs masticating juicer...
❌ Failed: centrifugal vs masticating juicer
[3/5] Generating: best compact juicer for small apartments...
❌ Failed: best compact juicer for small apartments
[4/5] Generating: best electric indoor grill for steak...
❌ Failed: best electric indoor grill for steak
[5/5] Generating: george foreman vs ninja foodi grill...
❌ Failed: george foreman vs ninja foodi grill

Batch complete! Run 'python3 publish.py' to push changes to GitHub.
[2026-05-03 11:28:53] Step 1 ✓ generate.py complete
[2026-05-03 11:28:53] Step 2: Running index.py ...
Generated deploy/index.html with 27 posts.
[2026-05-03 11:28:53] Step 2 ✓ index.py complete
[2026-05-03 11:28:53] Step 3: Syncing index.html to repo root ...
[2026-05-03 11:28:53] Step 3 ✓ index.html copied
[2026-05-03 11:28:53] Step 4: Syncing new posts to ./posts/ ...
[2026-05-03 11:28:53] Step 4 ✓ 0 file(s) synced to ./posts/
[2026-05-03 11:28:53] Step 5: Syncing sitemap.xml ...
[2026-05-03 11:28:53] Step 5 ✓ sitemap.xml copied
[2026-05-03 11:28:53] Step 6: Committing and pushing ...
To https://github.com/nicheflowblog/nicheflowblog.github.io
   7ff9a38..f30508f  main -> main
[2026-05-03 11:28:54] Step 6 ✓ Pushed to origin main
[2026-05-03 11:28:54] ==========================================
[2026-05-03 11:28:54] Run complete
[2026-05-03 11:28:54] ==========================================
[2026-05-04 15:33:06] ==========================================
[2026-05-04 15:33:06] NicheFlow daily run started
[2026-05-04 15:33:06] ==========================================
[2026-05-04 15:33:06] Step 1: Running generate.py ...
[1/5] Generating: best masticating juicer for celery...
❌ Failed: best masticating juicer for celery
[2/5] Generating: centrifugal vs masticating juicer...
❌ Failed: centrifugal vs masticating juicer
[3/5] Generating: best compact juicer for small apartments...
❌ Failed: best compact juicer for small apartments
[4/5] Generating: best electric indoor grill for steak...
❌ Failed: best electric indoor grill for steak
[5/5] Generating: george foreman vs ninja foodi grill...
❌ Failed: george foreman vs ninja foodi grill

Batch complete! Run 'python3 publish.py' to push changes to GitHub.
[2026-05-04 15:33:14] Step 1 ✓ generate.py complete
[2026-05-04 15:33:14] Step 2: Running index.py ...
Generated deploy/index.html with 27 posts.
[2026-05-04 15:33:14] Step 2 ✓ index.py complete
[2026-05-04 15:33:14] Step 3: Syncing index.html to repo root ...
[2026-05-04 15:33:14] Step 3 ✓ index.html copied
[2026-05-04 15:33:14] Step 4: Syncing new posts to ./posts/ ...
[2026-05-04 15:33:14] Step 4 ✓ 0 file(s) synced to ./posts/
[2026-05-04 15:33:14] Step 5: Syncing sitemap.xml ...
[2026-05-04 15:33:14] Step 5 ✓ sitemap.xml copied
[2026-05-04 15:33:14] Step 6: Committing and pushing ...
To https://github.com/nicheflowblog/nicheflowblog.github.io
   a5b5787..92b4206  main -> main
[2026-05-04 15:33:15] Step 6 ✓ Pushed to origin main
[2026-05-04 15:33:15] ==========================================
[2026-05-04 15:33:15] Run complete
[2026-05-04 15:33:15] ==========================================
[2026-05-05 12:15:08] ==========================================
[2026-05-05 12:15:08] NicheFlow daily run started
[2026-05-05 12:15:08] ==========================================
[2026-05-05 12:15:08] Step 1: Running generate.py ...
[1/5] Generating: best masticating juicer for celery...
❌ Failed: best masticating juicer for celery
[2/5] Generating: centrifugal vs masticating juicer...
❌ Failed: centrifugal vs masticating juicer
[3/5] Generating: best compact juicer for small apartments...
❌ Failed: best compact juicer for small apartments
[4/5] Generating: best electric indoor grill for steak...
❌ Failed: best electric indoor grill for steak
[5/5] Generating: george foreman vs ninja foodi grill...
❌ Failed: george foreman vs ninja foodi grill

Batch complete! Run 'python3 publish.py' to push changes to GitHub.
[2026-05-05 12:15:15] Step 1 ✓ generate.py complete
[2026-05-05 12:15:15] Step 2: Running index.py ...
Generated deploy/index.html with 27 posts.
[2026-05-05 12:15:15] Step 2 ✓ index.py complete
[2026-05-05 12:15:15] Step 3: Syncing index.html to repo root ...
[2026-05-05 12:15:15] Step 3 ✓ index.html copied
[2026-05-05 12:15:15] Step 4: Syncing new posts to ./posts/ ...
[2026-05-05 12:15:15] Step 4 ✓ 0 file(s) synced to ./posts/
[2026-05-05 12:15:15] Step 5: Syncing sitemap.xml ...
[2026-05-05 12:15:15] Step 5 ✓ sitemap.xml copied
[2026-05-05 12:15:15] Step 6: Committing and pushing ...
To https://github.com/nicheflowblog/nicheflowblog.github.io
   0d7a3fe..00ddac8  main -> main
[2026-05-05 12:15:17] Step 6 ✓ Pushed to origin main
[2026-05-05 12:15:17] ==========================================
[2026-05-05 12:15:17] Run complete
[2026-05-05 12:15:17] ==========================================
[2026-05-06 16:12:00] ==========================================
[2026-05-06 16:12:00] NicheFlow daily run started
[2026-05-06 16:12:00] ==========================================
[2026-05-06 16:12:00] Step 1: Running generate.py ...
[1/5] Generating: best masticating juicer for celery...
❌ Failed: best masticating juicer for celery
[2/5] Generating: centrifugal vs masticating juicer...
❌ Failed: centrifugal vs masticating juicer
[3/5] Generating: best compact juicer for small apartments...
❌ Failed: best compact juicer for small apartments
[4/5] Generating: best electric indoor grill for steak...
❌ Failed: best electric indoor grill for steak
[5/5] Generating: george foreman vs ninja foodi grill...
❌ Failed: george foreman vs ninja foodi grill

Batch complete! Run 'python3 publish.py' to push changes to GitHub.
[2026-05-06 16:12:08] Step 1 ✓ generate.py complete
[2026-05-06 16:12:08] Step 2: Running index.py ...
Generated deploy/index.html with 27 posts.
[2026-05-06 16:12:08] Step 2 ✓ index.py complete
[2026-05-06 16:12:08] Step 3: Syncing index.html to repo root ...
[2026-05-06 16:12:08] Step 3 ✓ index.html copied
[2026-05-06 16:12:08] Step 4: Syncing new posts to ./posts/ ...
[2026-05-06 16:12:08] Step 4 ✓ 0 file(s) synced to ./posts/
[2026-05-06 16:12:08] Step 5: Syncing sitemap.xml ...
[2026-05-06 16:12:08] Step 5 ✓ sitemap.xml copied
[2026-05-06 16:12:08] Step 6: Committing and pushing ...
To https://github.com/nicheflowblog/nicheflowblog.github.io
   ec4da4c..481e84f  main -> main
[2026-05-06 16:12:09] Step 6 ✓ Pushed to origin main
[2026-05-06 16:12:09] ==========================================
[2026-05-06 16:12:09] Run complete
[2026-05-06 16:12:09] ==========================================
[2026-05-07 16:20:44] ==========================================
[2026-05-07 16:20:44] NicheFlow daily run started
[2026-05-07 16:20:44] ==========================================
[2026-05-07 16:20:44] Step 1: Running generate.py ...
[1/5] Generating: best masticating juicer for celery...
❌ Failed: best masticating juicer for celery
[2/5] Generating: centrifugal vs masticating juicer...
❌ Failed: centrifugal vs masticating juicer
[3/5] Generating: best compact juicer for small apartments...
❌ Failed: best compact juicer for small apartments
[4/5] Generating: best electric indoor grill for steak...
❌ Failed: best electric indoor grill for steak
[5/5] Generating: george foreman vs ninja foodi grill...
❌ Failed: george foreman vs ninja foodi grill

Batch complete! Run 'python3 publish.py' to push changes to GitHub.
[2026-05-07 16:20:52] Step 1 ✓ generate.py complete
[2026-05-07 16:20:52] Step 2: Running index.py ...
Generated deploy/index.html with 27 posts.
[2026-05-07 16:20:52] Step 2 ✓ index.py complete
[2026-05-07 16:20:52] Step 3: Syncing index.html to repo root ...
[2026-05-07 16:20:52] Step 3 ✓ index.html copied
[2026-05-07 16:20:52] Step 4: Syncing new posts to ./posts/ ...
[2026-05-07 16:20:52] Step 4 ✓ 0 file(s) synced to ./posts/
[2026-05-07 16:20:52] Step 5: Syncing sitemap.xml ...
[2026-05-07 16:20:52] Step 5 ✓ sitemap.xml copied
[2026-05-07 16:20:52] Step 6: Committing and pushing ...
To https://github.com/nicheflowblog/nicheflowblog.github.io
   612e4b5..9b63681  main -> main
[2026-05-07 16:20:53] Step 6 ✓ Pushed to origin main
[2026-05-07 16:20:53] ==========================================
[2026-05-07 16:20:53] Run complete
[2026-05-07 16:20:53] ==========================================
[2026-05-08 15:08:17] ==========================================
[2026-05-08 15:08:17] NicheFlow daily run started
[2026-05-08 15:08:17] ==========================================
[2026-05-08 15:08:17] Step 1: Running generate.py ...
[1/5] Generating: best masticating juicer for celery...
❌ Failed: best masticating juicer for celery
[2/5] Generating: centrifugal vs masticating juicer...
❌ Failed: centrifugal vs masticating juicer
[3/5] Generating: best compact juicer for small apartments...
❌ Failed: best compact juicer for small apartments
[4/5] Generating: best electric indoor grill for steak...
❌ Failed: best electric indoor grill for steak
[5/5] Generating: george foreman vs ninja foodi grill...
❌ Failed: george foreman vs ninja foodi grill

Batch complete! Run 'python3 publish.py' to push changes to GitHub.
[2026-05-08 15:08:24] Step 1 ✓ generate.py complete
[2026-05-08 15:08:24] Step 2: Running index.py ...
Generated deploy/index.html with 27 posts.
[2026-05-08 15:08:24] Step 2 ✓ index.py complete
[2026-05-08 15:08:24] Step 3: Syncing index.html to repo root ...
[2026-05-08 15:08:24] Step 3 ✓ index.html copied
[2026-05-08 15:08:24] Step 4: Syncing new posts to ./posts/ ...
[2026-05-08 15:08:24] Step 4 ✓ 0 file(s) synced to ./posts/
[2026-05-08 15:08:24] Step 5: Syncing sitemap.xml ...
[2026-05-08 15:08:24] Step 5 ✓ sitemap.xml copied
[2026-05-08 15:08:24] Step 6: Committing and pushing ...
To https://github.com/nicheflowblog/nicheflowblog.github.io
   66d4d0d..9a29e51  main -> main
[2026-05-08 15:08:25] Step 6 ✓ Pushed to origin main
[2026-05-08 15:08:25] ==========================================
[2026-05-08 15:08:25] Run complete
[2026-05-08 15:08:25] ==========================================
[2026-05-09 10:03:17] ==========================================
[2026-05-09 10:03:17] NicheFlow daily run started
[2026-05-09 10:03:17] ==========================================
[2026-05-09 10:03:17] Step 1: Running generate.py ...
[1/5] Generating: best masticating juicer for celery...
❌ Failed: best masticating juicer for celery
[2/5] Generating: centrifugal vs masticating juicer...
❌ Failed: centrifugal vs masticating juicer
[3/5] Generating: best compact juicer for small apartments...
❌ Failed: best compact juicer for small apartments
[4/5] Generating: best electric indoor grill for steak...
❌ Failed: best electric indoor grill for steak
[5/5] Generating: george foreman vs ninja foodi grill...
❌ Failed: george foreman vs ninja foodi grill

Batch complete! Run 'python3 publish.py' to push changes to GitHub.
[2026-05-09 10:03:25] Step 1 ✓ generate.py complete
[2026-05-09 10:03:25] Step 2: Running index.py ...
Generated deploy/index.html with 27 posts.
[2026-05-09 10:03:25] Step 2 ✓ index.py complete
[2026-05-09 10:03:25] Step 3: Syncing index.html to repo root ...
[2026-05-09 10:03:25] Step 3 ✓ index.html copied
[2026-05-09 10:03:25] Step 4: Syncing new posts to ./posts/ ...
[2026-05-09 10:03:25] Step 4 ✓ 0 file(s) synced to ./posts/
[2026-05-09 10:03:25] Step 5: Syncing sitemap.xml ...
[2026-05-09 10:03:25] Step 5 ✓ sitemap.xml copied
[2026-05-09 10:03:25] Step 6: Committing and pushing ...
To https://github.com/nicheflowblog/nicheflowblog.github.io
   d75dab1..07a898c  main -> main
[2026-05-09 10:03:26] Step 6 ✓ Pushed to origin main
[2026-05-09 10:03:26] ==========================================
[2026-05-09 10:03:26] Run complete
[2026-05-09 10:03:26] ==========================================
[2026-05-10 10:11:07] ==========================================
[2026-05-10 10:11:07] NicheFlow daily run started
[2026-05-10 10:11:07] ==========================================
[2026-05-10 10:11:07] Step 1: Running generate.py ...
[1/5] Generating: best masticating juicer for celery...
❌ Failed: best masticating juicer for celery
[2/5] Generating: centrifugal vs masticating juicer...
❌ Failed: centrifugal vs masticating juicer
[3/5] Generating: best compact juicer for small apartments...
❌ Failed: best compact juicer for small apartments
[4/5] Generating: best electric indoor grill for steak...
❌ Failed: best electric indoor grill for steak
[5/5] Generating: george foreman vs ninja foodi grill...
❌ Failed: george foreman vs ninja foodi grill

Batch complete! Run 'python3 publish.py' to push changes to GitHub.
[2026-05-10 10:11:14] Step 1 ✓ generate.py complete
[2026-05-10 10:11:14] Step 2: Running index.py ...
Generated deploy/index.html with 27 posts.
[2026-05-10 10:11:14] Step 2 ✓ index.py complete
[2026-05-10 10:11:14] Step 3: Syncing index.html to repo root ...
[2026-05-10 10:11:14] Step 3 ✓ index.html copied
[2026-05-10 10:11:14] Step 4: Syncing new posts to ./posts/ ...
[2026-05-10 10:11:14] Step 4 ✓ 0 file(s) synced to ./posts/
[2026-05-10 10:11:14] Step 5: Syncing sitemap.xml ...
[2026-05-10 10:11:14] Step 5 ✓ sitemap.xml copied
[2026-05-10 10:11:14] Step 6: Committing and pushing ...
To https://github.com/nicheflowblog/nicheflowblog.github.io
   1f06a8d..7ad5224  main -> main
[2026-05-10 10:11:15] Step 6 ✓ Pushed to origin main
[2026-05-10 10:11:15] ==========================================
[2026-05-10 10:11:15] Run complete
[2026-05-10 10:11:15] ==========================================
[2026-05-11 12:08:34] ==========================================
[2026-05-11 12:08:34] NicheFlow daily run started
[2026-05-11 12:08:34] ==========================================
[2026-05-11 12:08:34] Step 1: Running generate.py ...
[1/5] Generating: best masticating juicer for celery...
❌ Failed: best masticating juicer for celery
[2/5] Generating: centrifugal vs masticating juicer...
❌ Failed: centrifugal vs masticating juicer
[3/5] Generating: best compact juicer for small apartments...
❌ Failed: best compact juicer for small apartments
[4/5] Generating: best electric indoor grill for steak...
❌ Failed: best electric indoor grill for steak
[5/5] Generating: george foreman vs ninja foodi grill...
❌ Failed: george foreman vs ninja foodi grill

Batch complete! Run 'python3 publish.py' to push changes to GitHub.
[2026-05-11 12:08:42] Step 1 ✓ generate.py complete
[2026-05-11 12:08:42] Step 2: Running index.py ...
Generated deploy/index.html with 27 posts.
[2026-05-11 12:08:42] Step 2 ✓ index.py complete
[2026-05-11 12:08:42] Step 3: Syncing index.html to repo root ...
[2026-05-11 12:08:42] Step 3 ✓ index.html copied
[2026-05-11 12:08:42] Step 4: Syncing new posts to ./posts/ ...
[2026-05-11 12:08:42] Step 4 ✓ 0 file(s) synced to ./posts/
[2026-05-11 12:08:42] Step 5: Syncing sitemap.xml ...
[2026-05-11 12:08:42] Step 5 ✓ sitemap.xml copied
[2026-05-11 12:08:42] Step 6: Committing and pushing ...
To https://github.com/nicheflowblog/nicheflowblog.github.io
   12eb20e..28abacf  main -> main
[2026-05-11 12:08:43] Step 6 ✓ Pushed to origin main
[2026-05-11 12:08:43] ==========================================
[2026-05-11 12:08:43] Run complete
[2026-05-11 12:08:43] ==========================================
[2026-05-12 11:19:24] ==========================================
[2026-05-12 11:19:24] NicheFlow daily run started
[2026-05-12 11:19:24] ==========================================
[2026-05-12 11:19:24] Step 1: Running generate.py ...
[1/5] Generating: best masticating juicer for celery...
❌ Failed: best masticating juicer for celery
[2/5] Generating: centrifugal vs masticating juicer...
❌ Failed: centrifugal vs masticating juicer
[3/5] Generating: best compact juicer for small apartments...
❌ Failed: best compact juicer for small apartments
[4/5] Generating: best electric indoor grill for steak...
❌ Failed: best electric indoor grill for steak
[5/5] Generating: george foreman vs ninja foodi grill...
❌ Failed: george foreman vs ninja foodi grill

Batch complete! Run 'python3 publish.py' to push changes to GitHub.
[2026-05-12 11:19:31] Step 1 ✓ generate.py complete
[2026-05-12 11:19:31] Step 2: Running index.py ...
Generated deploy/index.html with 27 posts.
[2026-05-12 11:19:31] Step 2 ✓ index.py complete
[2026-05-12 11:19:31] Step 3: Syncing index.html to repo root ...
[2026-05-12 11:19:31] Step 3 ✓ index.html copied
[2026-05-12 11:19:31] Step 4: Syncing new posts to ./posts/ ...
[2026-05-12 11:19:31] Step 4 ✓ 0 file(s) synced to ./posts/
[2026-05-12 11:19:31] Step 5: Syncing sitemap.xml ...
[2026-05-12 11:19:31] Step 5 ✓ sitemap.xml copied
[2026-05-12 11:19:31] Step 6: Committing and pushing ...
To https://github.com/nicheflowblog/nicheflowblog.github.io
   39d6eab..8d8c994  main -> main
[2026-05-12 11:19:32] Step 6 ✓ Pushed to origin main
[2026-05-12 11:19:32] ==========================================
[2026-05-12 11:19:32] Run complete
[2026-05-12 11:19:32] ==========================================
[2026-05-13 11:28:40] ==========================================
[2026-05-13 11:28:40] NicheFlow daily run started
[2026-05-13 11:28:40] ==========================================
[2026-05-13 11:28:40] Step 1: Running generate.py ...
[1/5] Generating: best masticating juicer for celery...
❌ Failed: best masticating juicer for celery
[2/5] Generating: centrifugal vs masticating juicer...
❌ Failed: centrifugal vs masticating juicer
[3/5] Generating: best compact juicer for small apartments...
❌ Failed: best compact juicer for small apartments
[4/5] Generating: best electric indoor grill for steak...
❌ Failed: best electric indoor grill for steak
[5/5] Generating: george foreman vs ninja foodi grill...
❌ Failed: george foreman vs ninja foodi grill

Batch complete! Run 'python3 publish.py' to push changes to GitHub.
[2026-05-13 11:28:48] Step 1 ✓ generate.py complete
[2026-05-13 11:28:48] Step 2: Running index.py ...
Generated deploy/index.html with 27 posts.
[2026-05-13 11:28:48] Step 2 ✓ index.py complete
[2026-05-13 11:28:48] Step 3: Syncing index.html to repo root ...
[2026-05-13 11:28:48] Step 3 ✓ index.html copied
[2026-05-13 11:28:48] Step 4: Syncing new posts to ./posts/ ...
[2026-05-13 11:28:48] Step 4 ✓ 0 file(s) synced to ./posts/
[2026-05-13 11:28:48] Step 5: Syncing sitemap.xml ...
[2026-05-13 11:28:48] Step 5 ✓ sitemap.xml copied
[2026-05-13 11:28:48] Step 6: Committing and pushing ...
To https://github.com/nicheflowblog/nicheflowblog.github.io
   68abebb..c8c23e5  main -> main
[2026-05-13 11:28:49] Step 6 ✓ Pushed to origin main
[2026-05-13 11:28:49] ==========================================
[2026-05-13 11:28:49] Run complete
[2026-05-13 11:28:49] ==========================================
[2026-05-14 11:11:57] ==========================================
[2026-05-14 11:11:57] NicheFlow daily run started
[2026-05-14 11:11:57] ==========================================
[2026-05-14 11:11:57] Step 1: Running generate.py ...
[1/5] Generating: best masticating juicer for celery...
❌ Failed: best masticating juicer for celery
[2/5] Generating: centrifugal vs masticating juicer...
❌ Failed: centrifugal vs masticating juicer
[3/5] Generating: best compact juicer for small apartments...
❌ Failed: best compact juicer for small apartments
[4/5] Generating: best electric indoor grill for steak...
❌ Failed: best electric indoor grill for steak
[5/5] Generating: george foreman vs ninja foodi grill...
❌ Failed: george foreman vs ninja foodi grill

Batch complete! Run 'python3 publish.py' to push changes to GitHub.
[2026-05-14 11:12:04] Step 1 ✓ generate.py complete
[2026-05-14 11:12:04] Step 2: Running index.py ...
Generated deploy/index.html with 27 posts.
[2026-05-14 11:12:04] Step 2 ✓ index.py complete
[2026-05-14 11:12:04] Step 3: Syncing index.html to repo root ...
[2026-05-14 11:12:04] Step 3 ✓ index.html copied
[2026-05-14 11:12:04] Step 4: Syncing new posts to ./posts/ ...
[2026-05-14 11:12:04] Step 4 ✓ 0 file(s) synced to ./posts/
[2026-05-14 11:12:04] Step 5: Syncing sitemap.xml ...
[2026-05-14 11:12:04] Step 5 ✓ sitemap.xml copied
[2026-05-14 11:12:04] Step 6: Committing and pushing ...
To https://github.com/nicheflowblog/nicheflowblog.github.io
   ec4099b..73e3d45  main -> main
[2026-05-14 11:12:05] Step 6 ✓ Pushed to origin main
[2026-05-14 11:12:05] ==========================================
[2026-05-14 11:12:05] Run complete
[2026-05-14 11:12:05] ==========================================
[2026-05-15 11:19:59] ==========================================
[2026-05-15 11:19:59] NicheFlow daily run started
[2026-05-15 11:19:59] ==========================================
[2026-05-15 11:19:59] Step 1: Running generate.py ...
[1/5] Generating: best masticating juicer for celery...
❌ Failed: best masticating juicer for celery
[2/5] Generating: centrifugal vs masticating juicer...
❌ Failed: centrifugal vs masticating juicer
[3/5] Generating: best compact juicer for small apartments...
❌ Failed: best compact juicer for small apartments
[4/5] Generating: best electric indoor grill for steak...
❌ Failed: best electric indoor grill for steak
[5/5] Generating: george foreman vs ninja foodi grill...
❌ Failed: george foreman vs ninja foodi grill

Batch complete! Run 'python3 publish.py' to push changes to GitHub.
[2026-05-15 11:20:07] Step 1 ✓ generate.py complete
[2026-05-15 11:20:07] Step 2: Running index.py ...
Generated deploy/index.html with 27 posts.
[2026-05-15 11:20:07] Step 2 ✓ index.py complete
[2026-05-15 11:20:07] Step 3: Syncing index.html to repo root ...
[2026-05-15 11:20:07] Step 3 ✓ index.html copied
[2026-05-15 11:20:07] Step 4: Syncing new posts to ./posts/ ...
[2026-05-15 11:20:07] Step 4 ✓ 0 file(s) synced to ./posts/
[2026-05-15 11:20:07] Step 5: Syncing sitemap.xml ...
[2026-05-15 11:20:07] Step 5 ✓ sitemap.xml copied
[2026-05-15 11:20:07] Step 6: Committing and pushing ...
To https://github.com/nicheflowblog/nicheflowblog.github.io
   1e9850d..2334dbd  main -> main
[2026-05-15 11:20:08] Step 6 ✓ Pushed to origin main
[2026-05-15 11:20:08] ==========================================
[2026-05-15 11:20:08] Run complete
[2026-05-15 11:20:08] ==========================================
[2026-05-16 10:11:51] ==========================================
[2026-05-16 10:11:51] NicheFlow daily run started
[2026-05-16 10:11:51] ==========================================
[2026-05-16 10:11:51] Step 1: Running generate.py ...
[1/5] Generating: best masticating juicer for celery...
❌ Failed: best masticating juicer for celery
[2/5] Generating: centrifugal vs masticating juicer...
❌ Failed: centrifugal vs masticating juicer
[3/5] Generating: best compact juicer for small apartments...
❌ Failed: best compact juicer for small apartments
[4/5] Generating: best electric indoor grill for steak...
❌ Failed: best electric indoor grill for steak
[5/5] Generating: george foreman vs ninja foodi grill...
❌ Failed: george foreman vs ninja foodi grill

Batch complete! Run 'python3 publish.py' to push changes to GitHub.
[2026-05-16 10:11:58] Step 1 ✓ generate.py complete
[2026-05-16 10:11:58] Step 2: Running index.py ...
Generated deploy/index.html with 27 posts.
[2026-05-16 10:11:58] Step 2 ✓ index.py complete
[2026-05-16 10:11:58] Step 3: Syncing index.html to repo root ...
[2026-05-16 10:11:58] Step 3 ✓ index.html copied
[2026-05-16 10:11:58] Step 4: Syncing new posts to ./posts/ ...
[2026-05-16 10:11:58] Step 4 ✓ 0 file(s) synced to ./posts/
[2026-05-16 10:11:58] Step 5: Syncing sitemap.xml ...
[2026-05-16 10:11:58] Step 5 ✓ sitemap.xml copied
[2026-05-16 10:11:58] Step 6: Committing and pushing ...
To https://github.com/nicheflowblog/nicheflowblog.github.io
   8ad2c4a..5bf9bff  main -> main
[2026-05-16 10:11:59] Step 6 ✓ Pushed to origin main
[2026-05-16 10:11:59] ==========================================
[2026-05-16 10:11:59] Run complete
[2026-05-16 10:11:59] ==========================================
[2026-05-17 10:20:39] ==========================================
[2026-05-17 10:20:39] NicheFlow daily run started
[2026-05-17 10:20:39] ==========================================
[2026-05-17 10:20:39] Step 1: Running generate.py ...
[1/5] Generating: best masticating juicer for celery...
❌ Failed: best masticating juicer for celery
[2/5] Generating: centrifugal vs masticating juicer...
❌ Failed: centrifugal vs masticating juicer
[3/5] Generating: best compact juicer for small apartments...
❌ Failed: best compact juicer for small apartments
[4/5] Generating: best electric indoor grill for steak...
❌ Failed: best electric indoor grill for steak
[5/5] Generating: george foreman vs ninja foodi grill...
❌ Failed: george foreman vs ninja foodi grill

Batch complete! Run 'python3 publish.py' to push changes to GitHub.
[2026-05-17 10:20:46] Step 1 ✓ generate.py complete
[2026-05-17 10:20:46] Step 2: Running index.py ...
Generated deploy/index.html with 27 posts.
[2026-05-17 10:20:46] Step 2 ✓ index.py complete
[2026-05-17 10:20:46] Step 3: Syncing index.html to repo root ...
[2026-05-17 10:20:46] Step 3 ✓ index.html copied
[2026-05-17 10:20:46] Step 4: Syncing new posts to ./posts/ ...
[2026-05-17 10:20:46] Step 4 ✓ 0 file(s) synced to ./posts/
[2026-05-17 10:20:46] Step 5: Syncing sitemap.xml ...
[2026-05-17 10:20:46] Step 5 ✓ sitemap.xml copied
[2026-05-17 10:20:46] Step 6: Committing and pushing ...
To https://github.com/nicheflowblog/nicheflowblog.github.io
   fb0c90a..40ec9f5  main -> main
[2026-05-17 10:20:47] Step 6 ✓ Pushed to origin main
[2026-05-17 10:20:47] ==========================================
[2026-05-17 10:20:47] Run complete
[2026-05-17 10:20:47] ==========================================
[2026-05-18 12:26:48] ==========================================
[2026-05-18 12:26:48] NicheFlow daily run started
[2026-05-18 12:26:48] ==========================================
[2026-05-18 12:26:48] Step 1: Running generate.py ...
[1/5] Generating: best masticating juicer for celery...
❌ Failed: best masticating juicer for celery
[2/5] Generating: centrifugal vs masticating juicer...
❌ Failed: centrifugal vs masticating juicer
[3/5] Generating: best compact juicer for small apartments...
❌ Failed: best compact juicer for small apartments
[4/5] Generating: best electric indoor grill for steak...
❌ Failed: best electric indoor grill for steak
[5/5] Generating: george foreman vs ninja foodi grill...
❌ Failed: george foreman vs ninja foodi grill

Batch complete! Run 'python3 publish.py' to push changes to GitHub.
[2026-05-18 12:26:56] Step 1 ✓ generate.py complete
[2026-05-18 12:26:56] Step 2: Running index.py ...
Generated deploy/index.html with 27 posts.
[2026-05-18 12:26:56] Step 2 ✓ index.py complete
[2026-05-18 12:26:56] Step 3: Syncing index.html to repo root ...
[2026-05-18 12:26:56] Step 3 ✓ index.html copied
[2026-05-18 12:26:56] Step 4: Syncing new posts to ./posts/ ...
[2026-05-18 12:26:56] Step 4 ✓ 0 file(s) synced to ./posts/
[2026-05-18 12:26:56] Step 5: Syncing sitemap.xml ...
[2026-05-18 12:26:56] Step 5 ✓ sitemap.xml copied
[2026-05-18 12:26:56] Step 6: Committing and pushing ...
To https://github.com/nicheflowblog/nicheflowblog.github.io
   416e440..a8ac23c  main -> main
[2026-05-18 12:26:57] Step 6 ✓ Pushed to origin main
[2026-05-18 12:26:57] ==========================================
[2026-05-18 12:26:57] Run complete
[2026-05-18 12:26:57] ==========================================
[2026-05-19 12:06:25] ==========================================
[2026-05-19 12:06:25] NicheFlow daily run started
[2026-05-19 12:06:25] ==========================================
[2026-05-19 12:06:25] Step 1: Running generate.py ...
[1/5] Generating: best masticating juicer for celery...
❌ Failed: best masticating juicer for celery
[2/5] Generating: centrifugal vs masticating juicer...
❌ Failed: centrifugal vs masticating juicer
[3/5] Generating: best compact juicer for small apartments...
❌ Failed: best compact juicer for small apartments
[4/5] Generating: best electric indoor grill for steak...
❌ Failed: best electric indoor grill for steak
[5/5] Generating: george foreman vs ninja foodi grill...
❌ Failed: george foreman vs ninja foodi grill

Batch complete! Run 'python3 publish.py' to push changes to GitHub.
[2026-05-19 12:06:33] Step 1 ✓ generate.py complete
[2026-05-19 12:06:33] Step 2: Running index.py ...
Generated deploy/index.html with 27 posts.
[2026-05-19 12:06:33] Step 2 ✓ index.py complete
[2026-05-19 12:06:33] Step 3: Syncing index.html to repo root ...
[2026-05-19 12:06:33] Step 3 ✓ index.html copied
[2026-05-19 12:06:33] Step 4: Syncing new posts to ./posts/ ...
[2026-05-19 12:06:33] Step 4 ✓ 0 file(s) synced to ./posts/
[2026-05-19 12:06:33] Step 5: Syncing sitemap.xml ...
[2026-05-19 12:06:33] Step 5 ✓ sitemap.xml copied
[2026-05-19 12:06:33] Step 6: Committing and pushing ...
To https://github.com/nicheflowblog/nicheflowblog.github.io
   acfd8ff..59f18c0  main -> main
[2026-05-19 12:06:34] Step 6 ✓ Pushed to origin main
[2026-05-19 12:06:34] ==========================================
[2026-05-19 12:06:34] Run complete
[2026-05-19 12:06:34] ==========================================
[2026-05-20 11:47:53] ==========================================
[2026-05-20 11:47:53] NicheFlow daily run started
[2026-05-20 11:47:53] ==========================================
[2026-05-20 11:47:53] Step 1: Running generate.py ...
[1/5] Generating: best masticating juicer for celery...
❌ Failed: best masticating juicer for celery
[2/5] Generating: centrifugal vs masticating juicer...
❌ Failed: centrifugal vs masticating juicer
[3/5] Generating: best compact juicer for small apartments...
❌ Failed: best compact juicer for small apartments
[4/5] Generating: best electric indoor grill for steak...
❌ Failed: best electric indoor grill for steak
[5/5] Generating: george foreman vs ninja foodi grill...
❌ Failed: george foreman vs ninja foodi grill

Batch complete! Run 'python3 publish.py' to push changes to GitHub.
[2026-05-20 11:48:01] Step 1 ✓ generate.py complete
[2026-05-20 11:48:01] Step 2: Running index.py ...
Generated deploy/index.html with 27 posts.
[2026-05-20 11:48:02] Step 2 ✓ index.py complete
[2026-05-20 11:48:02] Step 3: Syncing index.html to repo root ...
[2026-05-20 11:48:02] Step 3 ✓ index.html copied
[2026-05-20 11:48:02] Step 4: Syncing new posts to ./posts/ ...
[2026-05-20 11:48:02] Step 4 ✓ 0 file(s) synced to ./posts/
[2026-05-20 11:48:02] Step 5: Syncing sitemap.xml ...
[2026-05-20 11:48:02] Step 5 ✓ sitemap.xml copied
[2026-05-20 11:48:02] Step 6: Committing and pushing ...
To https://github.com/nicheflowblog/nicheflowblog.github.io
   8145553..a1ca707  main -> main
[2026-05-20 11:48:03] Step 6 ✓ Pushed to origin main
[2026-05-20 11:48:03] ==========================================
[2026-05-20 11:48:03] Run complete
[2026-05-20 11:48:03] ==========================================
[2026-05-21 12:12:07] ==========================================
[2026-05-21 12:12:07] NicheFlow daily run started
[2026-05-21 12:12:07] ==========================================
[2026-05-21 12:12:07] Step 1: Running generate.py ...
[1/5] Generating: best masticating juicer for celery...
❌ Failed: best masticating juicer for celery
[2/5] Generating: centrifugal vs masticating juicer...
❌ Failed: centrifugal vs masticating juicer
[3/5] Generating: best compact juicer for small apartments...
❌ Failed: best compact juicer for small apartments
[4/5] Generating: best electric indoor grill for steak...
❌ Failed: best electric indoor grill for steak
[5/5] Generating: george foreman vs ninja foodi grill...
❌ Failed: george foreman vs ninja foodi grill

Batch complete! Run 'python3 publish.py' to push changes to GitHub.
[2026-05-21 12:12:14] Step 1 ✓ generate.py complete
[2026-05-21 12:12:14] Step 2: Running index.py ...
Generated deploy/index.html with 27 posts.
[2026-05-21 12:12:14] Step 2 ✓ index.py complete
[2026-05-21 12:12:14] Step 3: Syncing index.html to repo root ...
[2026-05-21 12:12:14] Step 3 ✓ index.html copied
[2026-05-21 12:12:14] Step 4: Syncing new posts to ./posts/ ...
[2026-05-21 12:12:14] Step 4 ✓ 0 file(s) synced to ./posts/
[2026-05-21 12:12:14] Step 5: Syncing sitemap.xml ...
[2026-05-21 12:12:15] Step 5 ✓ sitemap.xml copied
[2026-05-21 12:12:15] Step 6: Committing and pushing ...
To https://github.com/nicheflowblog/nicheflowblog.github.io
   4b8af72..60356f6  main -> main
[2026-05-21 12:12:16] Step 6 ✓ Pushed to origin main
[2026-05-21 12:12:16] ==========================================
[2026-05-21 12:12:16] Run complete
[2026-05-21 12:12:16] ==========================================
[2026-05-22 11:43:37] ==========================================
[2026-05-22 11:43:37] NicheFlow daily run started
[2026-05-22 11:43:37] ==========================================
[2026-05-22 11:43:37] Step 1: Running generate.py ...
[1/5] Generating: best masticating juicer for celery...
❌ Failed: best masticating juicer for celery
[2/5] Generating: centrifugal vs masticating juicer...
❌ Failed: centrifugal vs masticating juicer
[3/5] Generating: best compact juicer for small apartments...
❌ Failed: best compact juicer for small apartments
[4/5] Generating: best electric indoor grill for steak...
❌ Failed: best electric indoor grill for steak
[5/5] Generating: george foreman vs ninja foodi grill...
❌ Failed: george foreman vs ninja foodi grill

Batch complete! Run 'python3 publish.py' to push changes to GitHub.
[2026-05-22 11:43:45] Step 1 ✓ generate.py complete
[2026-05-22 11:43:45] Step 2: Running index.py ...
Generated deploy/index.html with 27 posts.
[2026-05-22 11:43:45] Step 2 ✓ index.py complete
[2026-05-22 11:43:45] Step 3: Syncing index.html to repo root ...
[2026-05-22 11:43:45] Step 3 ✓ index.html copied
[2026-05-22 11:43:45] Step 4: Syncing new posts to ./posts/ ...
[2026-05-22 11:43:45] Step 4 ✓ 0 file(s) synced to ./posts/
[2026-05-22 11:43:45] Step 5: Syncing sitemap.xml ...
[2026-05-22 11:43:45] Step 5 ✓ sitemap.xml copied
[2026-05-22 11:43:45] Step 6: Committing and pushing ...
To https://github.com/nicheflowblog/nicheflowblog.github.io
   ae8dbdf..30de0e9  main -> main
[2026-05-22 11:43:46] Step 6 ✓ Pushed to origin main
[2026-05-22 11:43:46] ==========================================
[2026-05-22 11:43:46] Run complete
[2026-05-22 11:43:46] ==========================================
[2026-05-23 10:24:37] ==========================================
[2026-05-23 10:24:37] NicheFlow daily run started
[2026-05-23 10:24:37] ==========================================
[2026-05-23 10:24:37] Step 1: Running generate.py ...
[1/5] Generating: best masticating juicer for celery...
❌ Failed: best masticating juicer for celery
[2/5] Generating: centrifugal vs masticating juicer...
❌ Failed: centrifugal vs masticating juicer
[3/5] Generating: best compact juicer for small apartments...
❌ Failed: best compact juicer for small apartments
[4/5] Generating: best electric indoor grill for steak...
❌ Failed: best electric indoor grill for steak
[5/5] Generating: george foreman vs ninja foodi grill...
❌ Failed: george foreman vs ninja foodi grill

Batch complete! Run 'python3 publish.py' to push changes to GitHub.
[2026-05-23 10:24:44] Step 1 ✓ generate.py complete
[2026-05-23 10:24:44] Step 2: Running index.py ...
Generated deploy/index.html with 27 posts.
[2026-05-23 10:24:44] Step 2 ✓ index.py complete
[2026-05-23 10:24:44] Step 3: Syncing index.html to repo root ...
[2026-05-23 10:24:44] Step 3 ✓ index.html copied
[2026-05-23 10:24:44] Step 4: Syncing new posts to ./posts/ ...
[2026-05-23 10:24:44] Step 4 ✓ 0 file(s) synced to ./posts/
[2026-05-23 10:24:44] Step 5: Syncing sitemap.xml ...
[2026-05-23 10:24:44] Step 5 ✓ sitemap.xml copied
[2026-05-23 10:24:44] Step 6: Committing and pushing ...
To https://github.com/nicheflowblog/nicheflowblog.github.io
   a487aba..c92f3ce  main -> main
[2026-05-23 10:24:45] Step 6 ✓ Pushed to origin main
[2026-05-23 10:24:45] ==========================================
[2026-05-23 10:24:45] Run complete
[2026-05-23 10:24:45] ==========================================
[2026-05-24 10:28:39] ==========================================
[2026-05-24 10:28:39] NicheFlow daily run started
[2026-05-24 10:28:39] ==========================================
[2026-05-24 10:28:39] Step 1: Running generate.py ...
[1/5] Generating: best masticating juicer for celery...
❌ Failed: best masticating juicer for celery
[2/5] Generating: centrifugal vs masticating juicer...
❌ Failed: centrifugal vs masticating juicer
[3/5] Generating: best compact juicer for small apartments...
❌ Failed: best compact juicer for small apartments
[4/5] Generating: best electric indoor grill for steak...
❌ Failed: best electric indoor grill for steak
[5/5] Generating: george foreman vs ninja foodi grill...
❌ Failed: george foreman vs ninja foodi grill

Batch complete! Run 'python3 publish.py' to push changes to GitHub.
[2026-05-24 10:28:46] Step 1 ✓ generate.py complete
[2026-05-24 10:28:46] Step 2: Running index.py ...
Generated deploy/index.html with 27 posts.
[2026-05-24 10:28:46] Step 2 ✓ index.py complete
[2026-05-24 10:28:46] Step 3: Syncing index.html to repo root ...
[2026-05-24 10:28:46] Step 3 ✓ index.html copied
[2026-05-24 10:28:46] Step 4: Syncing new posts to ./posts/ ...
[2026-05-24 10:28:46] Step 4 ✓ 0 file(s) synced to ./posts/
[2026-05-24 10:28:46] Step 5: Syncing sitemap.xml ...
[2026-05-24 10:28:46] Step 5 ✓ sitemap.xml copied
[2026-05-24 10:28:46] Step 6: Committing and pushing ...
To https://github.com/nicheflowblog/nicheflowblog.github.io
   fdcab5b..1dd291e  main -> main
[2026-05-24 10:28:47] Step 6 ✓ Pushed to origin main
[2026-05-24 10:28:47] ==========================================
[2026-05-24 10:28:47] Run complete
[2026-05-24 10:28:47] ==========================================
[2026-05-25 12:26:54] ==========================================
[2026-05-25 12:26:54] NicheFlow daily run started
[2026-05-25 12:26:54] ==========================================
[2026-05-25 12:26:54] Step 1: Running generate.py ...
[1/5] Generating: best masticating juicer for celery...
❌ Failed: best masticating juicer for celery
[2/5] Generating: centrifugal vs masticating juicer...
❌ Failed: centrifugal vs masticating juicer
[3/5] Generating: best compact juicer for small apartments...
❌ Failed: best compact juicer for small apartments
[4/5] Generating: best electric indoor grill for steak...
❌ Failed: best electric indoor grill for steak
[5/5] Generating: george foreman vs ninja foodi grill...
❌ Failed: george foreman vs ninja foodi grill

Batch complete! Run 'python3 publish.py' to push changes to GitHub.
[2026-05-25 12:27:01] Step 1 ✓ generate.py complete
[2026-05-25 12:27:01] Step 2: Running index.py ...
Generated deploy/index.html with 27 posts.
[2026-05-25 12:27:01] Step 2 ✓ index.py complete
[2026-05-25 12:27:01] Step 3: Syncing index.html to repo root ...
[2026-05-25 12:27:01] Step 3 ✓ index.html copied
[2026-05-25 12:27:01] Step 4: Syncing new posts to ./posts/ ...
[2026-05-25 12:27:01] Step 4 ✓ 0 file(s) synced to ./posts/
[2026-05-25 12:27:01] Step 5: Syncing sitemap.xml ...
[2026-05-25 12:27:01] Step 5 ✓ sitemap.xml copied
[2026-05-25 12:27:01] Step 6: Committing and pushing ...
To https://github.com/nicheflowblog/nicheflowblog.github.io
   2bbee33..cf35099  main -> main
[2026-05-25 12:27:02] Step 6 ✓ Pushed to origin main
[2026-05-25 12:27:02] ==========================================
[2026-05-25 12:27:02] Run complete
[2026-05-25 12:27:02] ==========================================
[2026-05-27 12:17:26] ==========================================
[2026-05-27 12:17:26] NicheFlow daily run started
[2026-05-27 12:17:26] ==========================================
[2026-05-27 12:17:26] Step 1: Running generate.py ...
[1/5] Generating: best masticating juicer for celery...
❌ Failed: best masticating juicer for celery
[2/5] Generating: centrifugal vs masticating juicer...
❌ Failed: centrifugal vs masticating juicer
[3/5] Generating: best compact juicer for small apartments...
❌ Failed: best compact juicer for small apartments
[4/5] Generating: best electric indoor grill for steak...
❌ Failed: best electric indoor grill for steak
[5/5] Generating: george foreman vs ninja foodi grill...
❌ Failed: george foreman vs ninja foodi grill

Batch complete! Run 'python3 publish.py' to push changes to GitHub.
[2026-05-27 12:17:33] Step 1 ✓ generate.py complete
[2026-05-27 12:17:33] Step 2: Running index.py ...
Generated deploy/index.html with 27 posts.
[2026-05-27 12:17:33] Step 2 ✓ index.py complete
[2026-05-27 12:17:33] Step 3: Syncing index.html to repo root ...
[2026-05-27 12:17:33] Step 3 ✓ index.html copied
[2026-05-27 12:17:33] Step 4: Syncing new posts to ./posts/ ...
[2026-05-27 12:17:33] Step 4 ✓ 0 file(s) synced to ./posts/
[2026-05-27 12:17:33] Step 5: Syncing sitemap.xml ...
[2026-05-27 12:17:33] Step 5 ✓ sitemap.xml copied
[2026-05-27 12:17:33] Step 6: Committing and pushing ...
To https://github.com/nicheflowblog/nicheflowblog.github.io
   1dcae1e..3e0cbbd  main -> main
[2026-05-27 12:17:47] Step 6 ✓ Pushed to origin main
[2026-05-27 12:17:47] ==========================================
[2026-05-27 12:17:47] Run complete
[2026-05-27 12:17:47] ==========================================
[2026-05-28 12:23:57] ==========================================
[2026-05-28 12:23:57] NicheFlow daily run started
[2026-05-28 12:23:57] ==========================================
[2026-05-28 12:23:57] Step 1: Running generate.py ...
[1/5] Generating: best masticating juicer for celery...
❌ Failed: best masticating juicer for celery
[2/5] Generating: centrifugal vs masticating juicer...
❌ Failed: centrifugal vs masticating juicer
[3/5] Generating: best compact juicer for small apartments...
❌ Failed: best compact juicer for small apartments
[4/5] Generating: best electric indoor grill for steak...
❌ Failed: best electric indoor grill for steak
[5/5] Generating: george foreman vs ninja foodi grill...
❌ Failed: george foreman vs ninja foodi grill

Batch complete! Run 'python3 publish.py' to push changes to GitHub.
[2026-05-28 12:24:05] Step 1 ✓ generate.py complete
[2026-05-28 12:24:05] Step 2: Running index.py ...
Generated deploy/index.html with 27 posts.
[2026-05-28 12:24:05] Step 2 ✓ index.py complete
[2026-05-28 12:24:05] Step 3: Syncing index.html to repo root ...
[2026-05-28 12:24:05] Step 3 ✓ index.html copied
[2026-05-28 12:24:05] Step 4: Syncing new posts to ./posts/ ...
[2026-05-28 12:24:05] Step 4 ✓ 0 file(s) synced to ./posts/
[2026-05-28 12:24:05] Step 5: Syncing sitemap.xml ...
[2026-05-28 12:24:05] Step 5 ✓ sitemap.xml copied
[2026-05-28 12:24:05] Step 6: Committing and pushing ...
To https://github.com/nicheflowblog/nicheflowblog.github.io
   adbf53c..31d3cf2  main -> main
[2026-05-28 12:24:06] Step 6 ✓ Pushed to origin main
[2026-05-28 12:24:06] ==========================================
[2026-05-28 12:24:06] Run complete
[2026-05-28 12:24:06] ==========================================
[2026-05-29 12:12:59] ==========================================
[2026-05-29 12:12:59] NicheFlow daily run started
[2026-05-29 12:12:59] ==========================================
[2026-05-29 12:12:59] Step 1: Running generate.py ...
[1/5] Generating: best masticating juicer for celery...
❌ Failed: best masticating juicer for celery
[2/5] Generating: centrifugal vs masticating juicer...
❌ Failed: centrifugal vs masticating juicer
[3/5] Generating: best compact juicer for small apartments...
❌ Failed: best compact juicer for small apartments
[4/5] Generating: best electric indoor grill for steak...
❌ Failed: best electric indoor grill for steak
[5/5] Generating: george foreman vs ninja foodi grill...
❌ Failed: george foreman vs ninja foodi grill

Batch complete! Run 'python3 publish.py' to push changes to GitHub.
[2026-05-29 12:13:07] Step 1 ✓ generate.py complete
[2026-05-29 12:13:07] Step 2: Running index.py ...
Generated deploy/index.html with 27 posts.
[2026-05-29 12:13:07] Step 2 ✓ index.py complete
[2026-05-29 12:13:07] Step 3: Syncing index.html to repo root ...
[2026-05-29 12:13:07] Step 3 ✓ index.html copied
[2026-05-29 12:13:07] Step 4: Syncing new posts to ./posts/ ...
[2026-05-29 12:13:07] Step 4 ✓ 0 file(s) synced to ./posts/
[2026-05-29 12:13:07] Step 5: Syncing sitemap.xml ...
[2026-05-29 12:13:07] Step 5 ✓ sitemap.xml copied
[2026-05-29 12:13:07] Step 6: Committing and pushing ...
To https://github.com/nicheflowblog/nicheflowblog.github.io
   c1f9679..9d33a8a  main -> main
[2026-05-29 12:13:08] Step 6 ✓ Pushed to origin main
[2026-05-29 12:13:08] ==========================================
[2026-05-29 12:13:08] Run complete
[2026-05-29 12:13:08] ==========================================
[2026-05-30 10:46:04] ==========================================
[2026-05-30 10:46:04] NicheFlow daily run started
[2026-05-30 10:46:04] ==========================================
[2026-05-30 10:46:04] Step 1: Running generate.py ...
[1/5] Generating: best masticating juicer for celery...
❌ Failed: best masticating juicer for celery
[2/5] Generating: centrifugal vs masticating juicer...
❌ Failed: centrifugal vs masticating juicer
[3/5] Generating: best compact juicer for small apartments...
❌ Failed: best compact juicer for small apartments
[4/5] Generating: best electric indoor grill for steak...
❌ Failed: best electric indoor grill for steak
[5/5] Generating: george foreman vs ninja foodi grill...
❌ Failed: george foreman vs ninja foodi grill

Batch complete! Run 'python3 publish.py' to push changes to GitHub.
[2026-05-30 10:46:12] Step 1 ✓ generate.py complete
[2026-05-30 10:46:12] Step 2: Running index.py ...
Generated deploy/index.html with 27 posts.
[2026-05-30 10:46:12] Step 2 ✓ index.py complete
[2026-05-30 10:46:12] Step 3: Syncing index.html to repo root ...
[2026-05-30 10:46:12] Step 3 ✓ index.html copied
[2026-05-30 10:46:12] Step 4: Syncing new posts to ./posts/ ...
[2026-05-30 10:46:12] Step 4 ✓ 0 file(s) synced to ./posts/
[2026-05-30 10:46:12] Step 5: Syncing sitemap.xml ...
[2026-05-30 10:46:12] Step 5 ✓ sitemap.xml copied
[2026-05-30 10:46:12] Step 6: Committing and pushing ...
To https://github.com/nicheflowblog/nicheflowblog.github.io
   4528474..6d6ab04  main -> main
[2026-05-30 10:46:13] Step 6 ✓ Pushed to origin main
[2026-05-30 10:46:13] ==========================================
[2026-05-30 10:46:13] Run complete
[2026-05-30 10:46:13] ==========================================
[2026-05-31 10:54:56] ==========================================
[2026-05-31 10:54:57] NicheFlow daily run started
[2026-05-31 10:54:57] ==========================================
[2026-05-31 10:54:57] Step 1: Running generate.py ...
[1/5] Generating: best masticating juicer for celery...
❌ Failed: best masticating juicer for celery
[2/5] Generating: centrifugal vs masticating juicer...
❌ Failed: centrifugal vs masticating juicer
[3/5] Generating: best compact juicer for small apartments...
❌ Failed: best compact juicer for small apartments
[4/5] Generating: best electric indoor grill for steak...
❌ Failed: best electric indoor grill for steak
[5/5] Generating: george foreman vs ninja foodi grill...
❌ Failed: george foreman vs ninja foodi grill

Batch complete! Run 'python3 publish.py' to push changes to GitHub.
[2026-05-31 10:55:04] Step 1 ✓ generate.py complete
[2026-05-31 10:55:04] Step 2: Running index.py ...
Generated deploy/index.html with 27 posts.
[2026-05-31 10:55:04] Step 2 ✓ index.py complete
[2026-05-31 10:55:04] Step 3: Syncing index.html to repo root ...
[2026-05-31 10:55:04] Step 3 ✓ index.html copied
[2026-05-31 10:55:04] Step 4: Syncing new posts to ./posts/ ...
[2026-05-31 10:55:04] Step 4 ✓ 0 file(s) synced to ./posts/
[2026-05-31 10:55:04] Step 5: Syncing sitemap.xml ...
[2026-05-31 10:55:04] Step 5 ✓ sitemap.xml copied
[2026-05-31 10:55:04] Step 6: Committing and pushing ...
To https://github.com/nicheflowblog/nicheflowblog.github.io
   b95fd8e..0fcb5e7  main -> main
[2026-05-31 10:55:05] Step 6 ✓ Pushed to origin main
[2026-05-31 10:55:05] ==========================================
[2026-05-31 10:55:05] Run complete
[2026-05-31 10:55:05] ==========================================
[2026-06-01 14:57:51] ==========================================
[2026-06-01 14:57:51] NicheFlow daily run started
[2026-06-01 14:57:51] ==========================================
[2026-06-01 14:57:51] Step 1: Running generate.py ...
[1/5] Generating: best masticating juicer for celery...
❌ Failed: best masticating juicer for celery
[2/5] Generating: centrifugal vs masticating juicer...
❌ Failed: centrifugal vs masticating juicer
[3/5] Generating: best compact juicer for small apartments...
❌ Failed: best compact juicer for small apartments
[4/5] Generating: best electric indoor grill for steak...
❌ Failed: best electric indoor grill for steak
[5/5] Generating: george foreman vs ninja foodi grill...
❌ Failed: george foreman vs ninja foodi grill

Batch complete! Run 'python3 publish.py' to push changes to GitHub.
[2026-06-01 14:57:59] Step 1 ✓ generate.py complete
[2026-06-01 14:57:59] Step 2: Running index.py ...
Generated deploy/index.html with 27 posts.
[2026-06-01 14:57:59] Step 2 ✓ index.py complete
[2026-06-01 14:57:59] Step 3: Syncing index.html to repo root ...
[2026-06-01 14:57:59] Step 3 ✓ index.html copied
[2026-06-01 14:57:59] Step 4: Syncing new posts to ./posts/ ...
[2026-06-01 14:57:59] Step 4 ✓ 0 file(s) synced to ./posts/
[2026-06-01 14:57:59] Step 5: Syncing sitemap.xml ...
[2026-06-01 14:57:59] Step 5 ✓ sitemap.xml copied
[2026-06-01 14:57:59] Step 6: Committing and pushing ...
To https://github.com/nicheflowblog/nicheflowblog.github.io
   5796bee..14fa59d  main -> main
[2026-06-01 14:58:00] Step 6 ✓ Pushed to origin main
[2026-06-01 14:58:00] ==========================================
[2026-06-01 14:58:00] Run complete
[2026-06-01 14:58:00] ==========================================
[2026-06-02 12:39:00] ==========================================
[2026-06-02 12:39:00] NicheFlow daily run started
[2026-06-02 12:39:00] ==========================================
[2026-06-02 12:39:00] Step 1: Running generate.py ...
[1/5] Generating: best masticating juicer for celery...
❌ Failed: best masticating juicer for celery
[2/5] Generating: centrifugal vs masticating juicer...
❌ Failed: centrifugal vs masticating juicer
[3/5] Generating: best compact juicer for small apartments...
❌ Failed: best compact juicer for small apartments
[4/5] Generating: best electric indoor grill for steak...
❌ Failed: best electric indoor grill for steak
[5/5] Generating: george foreman vs ninja foodi grill...
❌ Failed: george foreman vs ninja foodi grill

Batch complete! Run 'python3 publish.py' to push changes to GitHub.
[2026-06-02 12:39:08] Step 1 ✓ generate.py complete
[2026-06-02 12:39:08] Step 2: Running index.py ...
Generated deploy/index.html with 27 posts.
[2026-06-02 12:39:08] Step 2 ✓ index.py complete
[2026-06-02 12:39:08] Step 3: Syncing index.html to repo root ...
[2026-06-02 12:39:08] Step 3 ✓ index.html copied
[2026-06-02 12:39:08] Step 4: Syncing new posts to ./posts/ ...
[2026-06-02 12:39:08] Step 4 ✓ 0 file(s) synced to ./posts/
[2026-06-02 12:39:08] Step 5: Syncing sitemap.xml ...
[2026-06-02 12:39:08] Step 5 ✓ sitemap.xml copied
[2026-06-02 12:39:08] Step 6: Committing and pushing ...
To https://github.com/nicheflowblog/nicheflowblog.github.io
   da484d1..4029dda  main -> main
[2026-06-02 12:39:09] Step 6 ✓ Pushed to origin main
[2026-06-02 12:39:09] ==========================================
[2026-06-02 12:39:09] Run complete
[2026-06-02 12:39:09] ==========================================
[2026-06-03 13:13:45] ==========================================
[2026-06-03 13:13:45] NicheFlow daily run started
[2026-06-03 13:13:45] ==========================================
[2026-06-03 13:13:45] Step 1: Running generate.py ...
[1/5] Generating: best masticating juicer for celery...
❌ Failed: best masticating juicer for celery
[2/5] Generating: centrifugal vs masticating juicer...
❌ Failed: centrifugal vs masticating juicer
[3/5] Generating: best compact juicer for small apartments...
❌ Failed: best compact juicer for small apartments
[4/5] Generating: best electric indoor grill for steak...
❌ Failed: best electric indoor grill for steak
[5/5] Generating: george foreman vs ninja foodi grill...
❌ Failed: george foreman vs ninja foodi grill

Batch complete! Run 'python3 publish.py' to push changes to GitHub.
[2026-06-03 13:13:54] Step 1 ✓ generate.py complete
[2026-06-03 13:13:54] Step 2: Running index.py ...
Generated deploy/index.html with 27 posts.
[2026-06-03 13:13:54] Step 2 ✓ index.py complete
[2026-06-03 13:13:54] Step 3: Syncing index.html to repo root ...
[2026-06-03 13:13:54] Step 3 ✓ index.html copied
[2026-06-03 13:13:54] Step 4: Syncing new posts to ./posts/ ...
[2026-06-03 13:13:54] Step 4 ✓ 0 file(s) synced to ./posts/
[2026-06-03 13:13:54] Step 5: Syncing sitemap.xml ...
[2026-06-03 13:13:54] Step 5 ✓ sitemap.xml copied
[2026-06-03 13:13:54] Step 6: Committing and pushing ...
To https://github.com/nicheflowblog/nicheflowblog.github.io
   671b464..10ec7d7  main -> main
[2026-06-03 13:13:55] Step 6 ✓ Pushed to origin main
[2026-06-03 13:13:55] ==========================================
[2026-06-03 13:13:55] Run complete
[2026-06-03 13:13:55] ==========================================
[2026-06-04 11:49:44] ==========================================
[2026-06-04 11:49:44] NicheFlow daily run started
[2026-06-04 11:49:44] ==========================================
[2026-06-04 11:49:44] Step 1: Running generate.py ...
[1/5] Generating: best masticating juicer for celery...
❌ Failed: best masticating juicer for celery
[2/5] Generating: centrifugal vs masticating juicer...
❌ Failed: centrifugal vs masticating juicer
[3/5] Generating: best compact juicer for small apartments...
❌ Failed: best compact juicer for small apartments
[4/5] Generating: best electric indoor grill for steak...
❌ Failed: best electric indoor grill for steak
[5/5] Generating: george foreman vs ninja foodi grill...
❌ Failed: george foreman vs ninja foodi grill

Batch complete! Run 'python3 publish.py' to push changes to GitHub.
[2026-06-04 11:49:51] Step 1 ✓ generate.py complete
[2026-06-04 11:49:51] Step 2: Running index.py ...
Generated deploy/index.html with 27 posts.
[2026-06-04 11:49:51] Step 2 ✓ index.py complete
[2026-06-04 11:49:51] Step 3: Syncing index.html to repo root ...
[2026-06-04 11:49:51] Step 3 ✓ index.html copied
[2026-06-04 11:49:51] Step 4: Syncing new posts to ./posts/ ...
[2026-06-04 11:49:51] Step 4 ✓ 0 file(s) synced to ./posts/
[2026-06-04 11:49:51] Step 5: Syncing sitemap.xml ...
[2026-06-04 11:49:51] Step 5 ✓ sitemap.xml copied
[2026-06-04 11:49:51] Step 6: Committing and pushing ...
To https://github.com/nicheflowblog/nicheflowblog.github.io
   b68ae01..d3dda73  main -> main
[2026-06-04 11:49:52] Step 6 ✓ Pushed to origin main
[2026-06-04 11:49:52] ==========================================
[2026-06-04 11:49:52] Run complete
[2026-06-04 11:49:52] ==========================================
[2026-06-05 12:06:16] ==========================================
[2026-06-05 12:06:16] NicheFlow daily run started
[2026-06-05 12:06:16] ==========================================
[2026-06-05 12:06:16] Step 1: Running generate.py ...
[1/5] Generating: best masticating juicer for celery...
❌ Failed: best masticating juicer for celery
[2/5] Generating: centrifugal vs masticating juicer...
❌ Failed: centrifugal vs masticating juicer
[3/5] Generating: best compact juicer for small apartments...
❌ Failed: best compact juicer for small apartments
[4/5] Generating: best electric indoor grill for steak...
❌ Failed: best electric indoor grill for steak
[5/5] Generating: george foreman vs ninja foodi grill...
❌ Failed: george foreman vs ninja foodi grill

Batch complete! Run 'python3 publish.py' to push changes to GitHub.
[2026-06-05 12:06:23] Step 1 ✓ generate.py complete
[2026-06-05 12:06:23] Step 2: Running index.py ...
Generated deploy/index.html with 27 posts.
[2026-06-05 12:06:23] Step 2 ✓ index.py complete
[2026-06-05 12:06:23] Step 3: Syncing index.html to repo root ...
[2026-06-05 12:06:23] Step 3 ✓ index.html copied
[2026-06-05 12:06:23] Step 4: Syncing new posts to ./posts/ ...
[2026-06-05 12:06:23] Step 4 ✓ 0 file(s) synced to ./posts/
[2026-06-05 12:06:23] Step 5: Syncing sitemap.xml ...
[2026-06-05 12:06:23] Step 5 ✓ sitemap.xml copied
[2026-06-05 12:06:23] Step 6: Committing and pushing ...
To https://github.com/nicheflowblog/nicheflowblog.github.io
   a8afa5e..455df6b  main -> main
[2026-06-05 12:06:24] Step 6 ✓ Pushed to origin main
[2026-06-05 12:06:24] ==========================================
[2026-06-05 12:06:24] Run complete
[2026-06-05 12:06:24] ==========================================
[2026-06-06 10:51:45] ==========================================
[2026-06-06 10:51:45] NicheFlow daily run started
[2026-06-06 10:51:45] ==========================================
[2026-06-06 10:51:45] Step 1: Running generate.py ...
[1/5] Generating: best masticating juicer for celery...
❌ Failed: best masticating juicer for celery
[2/5] Generating: centrifugal vs masticating juicer...
❌ Failed: centrifugal vs masticating juicer
[3/5] Generating: best compact juicer for small apartments...
❌ Failed: best compact juicer for small apartments
[4/5] Generating: best electric indoor grill for steak...
❌ Failed: best electric indoor grill for steak
[5/5] Generating: george foreman vs ninja foodi grill...
❌ Failed: george foreman vs ninja foodi grill

Batch complete! Run 'python3 publish.py' to push changes to GitHub.
[2026-06-06 10:51:54] Step 1 ✓ generate.py complete
[2026-06-06 10:51:54] Step 2: Running index.py ...
Generated deploy/index.html with 27 posts.
[2026-06-06 10:51:54] Step 2 ✓ index.py complete
[2026-06-06 10:51:54] Step 3: Syncing index.html to repo root ...
[2026-06-06 10:51:54] Step 3 ✓ index.html copied
[2026-06-06 10:51:54] Step 4: Syncing new posts to ./posts/ ...
[2026-06-06 10:51:54] Step 4 ✓ 0 file(s) synced to ./posts/
[2026-06-06 10:51:54] Step 5: Syncing sitemap.xml ...
[2026-06-06 10:51:54] Step 5 ✓ sitemap.xml copied
[2026-06-06 10:51:54] Step 6: Committing and pushing ...
To https://github.com/nicheflowblog/nicheflowblog.github.io
   7761777..e864d1a  main -> main
[2026-06-06 10:51:55] Step 6 ✓ Pushed to origin main
[2026-06-06 10:51:55] ==========================================
[2026-06-06 10:51:55] Run complete
[2026-06-06 10:51:55] ==========================================
[2026-06-07 11:07:07] ==========================================
[2026-06-07 11:07:07] NicheFlow daily run started
[2026-06-07 11:07:07] ==========================================
[2026-06-07 11:07:07] Step 1: Running generate.py ...
[1/5] Generating: best masticating juicer for celery...
❌ Failed: best masticating juicer for celery
[2/5] Generating: centrifugal vs masticating juicer...
❌ Failed: centrifugal vs masticating juicer
[3/5] Generating: best compact juicer for small apartments...
❌ Failed: best compact juicer for small apartments
[4/5] Generating: best electric indoor grill for steak...
❌ Failed: best electric indoor grill for steak
[5/5] Generating: george foreman vs ninja foodi grill...
❌ Failed: george foreman vs ninja foodi grill

Batch complete! Run 'python3 publish.py' to push changes to GitHub.
[2026-06-07 11:07:15] Step 1 ✓ generate.py complete
[2026-06-07 11:07:15] Step 2: Running index.py ...
Generated deploy/index.html with 27 posts.
[2026-06-07 11:07:15] Step 2 ✓ index.py complete
[2026-06-07 11:07:15] Step 3: Syncing index.html to repo root ...
[2026-06-07 11:07:15] Step 3 ✓ index.html copied
[2026-06-07 11:07:15] Step 4: Syncing new posts to ./posts/ ...
[2026-06-07 11:07:15] Step 4 ✓ 0 file(s) synced to ./posts/
[2026-06-07 11:07:15] Step 5: Syncing sitemap.xml ...
[2026-06-07 11:07:15] Step 5 ✓ sitemap.xml copied
[2026-06-07 11:07:15] Step 6: Committing and pushing ...
To https://github.com/nicheflowblog/nicheflowblog.github.io
   7ae8659..476f0a0  main -> main
[2026-06-07 11:07:16] Step 6 ✓ Pushed to origin main
[2026-06-07 11:07:16] ==========================================
[2026-06-07 11:07:16] Run complete
[2026-06-07 11:07:16] ==========================================
[2026-06-08 13:04:35] ==========================================
[2026-06-08 13:04:35] NicheFlow daily run started
[2026-06-08 13:04:35] ==========================================
[2026-06-08 13:04:35] Step 1: Running generate.py ...
[1/5] Generating: best masticating juicer for celery...
❌ Failed: best masticating juicer for celery
[2/5] Generating: centrifugal vs masticating juicer...
❌ Failed: centrifugal vs masticating juicer
[3/5] Generating: best compact juicer for small apartments...
❌ Failed: best compact juicer for small apartments
[4/5] Generating: best electric indoor grill for steak...
❌ Failed: best electric indoor grill for steak
[5/5] Generating: george foreman vs ninja foodi grill...
❌ Failed: george foreman vs ninja foodi grill

Batch complete! Run 'python3 publish.py' to push changes to GitHub.
[2026-06-08 13:04:43] Step 1 ✓ generate.py complete
[2026-06-08 13:04:43] Step 2: Running index.py ...
Generated deploy/index.html with 27 posts.
[2026-06-08 13:04:43] Step 2 ✓ index.py complete
[2026-06-08 13:04:43] Step 3: Syncing index.html to repo root ...
[2026-06-08 13:04:43] Step 3 ✓ index.html copied
[2026-06-08 13:04:43] Step 4: Syncing new posts to ./posts/ ...
[2026-06-08 13:04:43] Step 4 ✓ 0 file(s) synced to ./posts/
[2026-06-08 13:04:43] Step 5: Syncing sitemap.xml ...
[2026-06-08 13:04:43] Step 5 ✓ sitemap.xml copied
[2026-06-08 13:04:43] Step 6: Committing and pushing ...
To https://github.com/nicheflowblog/nicheflowblog.github.io
   afdfb91..a877ea8  main -> main
[2026-06-08 13:04:44] Step 6 ✓ Pushed to origin main
[2026-06-08 13:04:44] ==========================================
[2026-06-08 13:04:44] Run complete
[2026-06-08 13:04:44] ==========================================
[2026-06-09 11:57:40] ==========================================
[2026-06-09 11:57:40] NicheFlow daily run started
[2026-06-09 11:57:40] ==========================================
[2026-06-09 11:57:40] Step 1: Running generate.py ...
[1/5] Generating: best masticating juicer for celery...
❌ Failed: best masticating juicer for celery
[2/5] Generating: centrifugal vs masticating juicer...
❌ Failed: centrifugal vs masticating juicer
[3/5] Generating: best compact juicer for small apartments...
❌ Failed: best compact juicer for small apartments
[4/5] Generating: best electric indoor grill for steak...
❌ Failed: best electric indoor grill for steak
[5/5] Generating: george foreman vs ninja foodi grill...
❌ Failed: george foreman vs ninja foodi grill

Batch complete! Run 'python3 publish.py' to push changes to GitHub.
[2026-06-09 11:57:47] Step 1 ✓ generate.py complete
[2026-06-09 11:57:47] Step 2: Running index.py ...
Generated deploy/index.html with 27 posts.
[2026-06-09 11:57:47] Step 2 ✓ index.py complete
[2026-06-09 11:57:47] Step 3: Syncing index.html to repo root ...
[2026-06-09 11:57:47] Step 3 ✓ index.html copied
[2026-06-09 11:57:47] Step 4: Syncing new posts to ./posts/ ...
[2026-06-09 11:57:47] Step 4 ✓ 0 file(s) synced to ./posts/
[2026-06-09 11:57:47] Step 5: Syncing sitemap.xml ...
[2026-06-09 11:57:47] Step 5 ✓ sitemap.xml copied
[2026-06-09 11:57:47] Step 6: Committing and pushing ...
To https://github.com/nicheflowblog/nicheflowblog.github.io
   2670993..b0f6dc4  main -> main
[2026-06-09 11:57:48] Step 6 ✓ Pushed to origin main
[2026-06-09 11:57:48] ==========================================
[2026-06-09 11:57:48] Run complete
[2026-06-09 11:57:48] ==========================================
[2026-06-10 12:17:57] ==========================================
[2026-06-10 12:17:57] NicheFlow daily run started
[2026-06-10 12:17:57] ==========================================
[2026-06-10 12:17:57] Step 1: Running generate.py ...
[1/5] Generating: best masticating juicer for celery...
❌ Failed: best masticating juicer for celery
[2/5] Generating: centrifugal vs masticating juicer...
❌ Failed: centrifugal vs masticating juicer
[3/5] Generating: best compact juicer for small apartments...
❌ Failed: best compact juicer for small apartments
[4/5] Generating: best electric indoor grill for steak...
❌ Failed: best electric indoor grill for steak
[5/5] Generating: george foreman vs ninja foodi grill...
❌ Failed: george foreman vs ninja foodi grill

Batch complete! Run 'python3 publish.py' to push changes to GitHub.
[2026-06-10 12:18:05] Step 1 ✓ generate.py complete
[2026-06-10 12:18:05] Step 2: Running index.py ...
Generated deploy/index.html with 27 posts.
[2026-06-10 12:18:05] Step 2 ✓ index.py complete
[2026-06-10 12:18:05] Step 3: Syncing index.html to repo root ...
[2026-06-10 12:18:05] Step 3 ✓ index.html copied
[2026-06-10 12:18:05] Step 4: Syncing new posts to ./posts/ ...
[2026-06-10 12:18:05] Step 4 ✓ 0 file(s) synced to ./posts/
[2026-06-10 12:18:05] Step 5: Syncing sitemap.xml ...
[2026-06-10 12:18:05] Step 5 ✓ sitemap.xml copied
[2026-06-10 12:18:05] Step 6: Committing and pushing ...
To https://github.com/nicheflowblog/nicheflowblog.github.io
   fa01a8c..d796280  main -> main
[2026-06-10 12:18:06] Step 6 ✓ Pushed to origin main
[2026-06-10 12:18:06] ==========================================
[2026-06-10 12:18:06] Run complete
[2026-06-10 12:18:06] ==========================================
[2026-06-11 12:42:34] ==========================================
[2026-06-11 12:42:34] NicheFlow daily run started
[2026-06-11 12:42:34] ==========================================
[2026-06-11 12:42:34] Step 1: Running generate.py ...
[1/5] Generating: best masticating juicer for celery...
❌ Failed: best masticating juicer for celery
[2/5] Generating: centrifugal vs masticating juicer...
❌ Failed: centrifugal vs masticating juicer
[3/5] Generating: best compact juicer for small apartments...
❌ Failed: best compact juicer for small apartments
[4/5] Generating: best electric indoor grill for steak...
❌ Failed: best electric indoor grill for steak
[5/5] Generating: george foreman vs ninja foodi grill...
❌ Failed: george foreman vs ninja foodi grill

Batch complete! Run 'python3 publish.py' to push changes to GitHub.
[2026-06-11 12:42:41] Step 1 ✓ generate.py complete
[2026-06-11 12:42:41] Step 2: Running index.py ...
Generated deploy/index.html with 27 posts.
[2026-06-11 12:42:41] Step 2 ✓ index.py complete
[2026-06-11 12:42:41] Step 3: Syncing index.html to repo root ...
[2026-06-11 12:42:41] Step 3 ✓ index.html copied
[2026-06-11 12:42:41] Step 4: Syncing new posts to ./posts/ ...
[2026-06-11 12:42:41] Step 4 ✓ 0 file(s) synced to ./posts/
[2026-06-11 12:42:41] Step 5: Syncing sitemap.xml ...
[2026-06-11 12:42:41] Step 5 ✓ sitemap.xml copied
[2026-06-11 12:42:41] Step 6: Committing and pushing ...
To https://github.com/nicheflowblog/nicheflowblog.github.io
   283cd33..d36421a  main -> main
[2026-06-11 12:42:43] Step 6 ✓ Pushed to origin main
[2026-06-11 12:42:43] ==========================================
[2026-06-11 12:42:43] Run complete
[2026-06-11 12:42:43] ==========================================
[2026-06-12 12:16:45] ==========================================
[2026-06-12 12:16:45] NicheFlow daily run started
[2026-06-12 12:16:45] ==========================================
[2026-06-12 12:16:45] Step 1: Running generate.py ...
[1/5] Generating: best masticating juicer for celery...
❌ Failed: best masticating juicer for celery
[2/5] Generating: centrifugal vs masticating juicer...
❌ Failed: centrifugal vs masticating juicer
[3/5] Generating: best compact juicer for small apartments...
❌ Failed: best compact juicer for small apartments
[4/5] Generating: best electric indoor grill for steak...
❌ Failed: best electric indoor grill for steak
[5/5] Generating: george foreman vs ninja foodi grill...
❌ Failed: george foreman vs ninja foodi grill

Batch complete! Run 'python3 publish.py' to push changes to GitHub.
[2026-06-12 12:16:53] Step 1 ✓ generate.py complete
[2026-06-12 12:16:53] Step 2: Running index.py ...
Generated deploy/index.html with 27 posts.
[2026-06-12 12:16:53] Step 2 ✓ index.py complete
[2026-06-12 12:16:53] Step 3: Syncing index.html to repo root ...
[2026-06-12 12:16:53] Step 3 ✓ index.html copied
[2026-06-12 12:16:53] Step 4: Syncing new posts to ./posts/ ...
[2026-06-12 12:16:53] Step 4 ✓ 0 file(s) synced to ./posts/
[2026-06-12 12:16:53] Step 5: Syncing sitemap.xml ...
[2026-06-12 12:16:53] Step 5 ✓ sitemap.xml copied
[2026-06-12 12:16:53] Step 6: Committing and pushing ...
To https://github.com/nicheflowblog/nicheflowblog.github.io
   cf5be55..0edfe0c  main -> main
[2026-06-12 12:16:54] Step 6 ✓ Pushed to origin main
[2026-06-12 12:16:54] ==========================================
[2026-06-12 12:16:54] Run complete
[2026-06-12 12:16:54] ==========================================
[2026-06-13 11:11:35] ==========================================
[2026-06-13 11:11:35] NicheFlow daily run started
[2026-06-13 11:11:35] ==========================================
[2026-06-13 11:11:35] Step 1: Running generate.py ...
[1/5] Generating: best masticating juicer for celery...
❌ Failed: best masticating juicer for celery
[2/5] Generating: centrifugal vs masticating juicer...
❌ Failed: centrifugal vs masticating juicer
[3/5] Generating: best compact juicer for small apartments...
❌ Failed: best compact juicer for small apartments
[4/5] Generating: best electric indoor grill for steak...
❌ Failed: best electric indoor grill for steak
[5/5] Generating: george foreman vs ninja foodi grill...
❌ Failed: george foreman vs ninja foodi grill

Batch complete! Run 'python3 publish.py' to push changes to GitHub.
[2026-06-13 11:11:43] Step 1 ✓ generate.py complete
[2026-06-13 11:11:43] Step 2: Running index.py ...
Generated deploy/index.html with 27 posts.
[2026-06-13 11:11:43] Step 2 ✓ index.py complete
[2026-06-13 11:11:43] Step 3: Syncing index.html to repo root ...
[2026-06-13 11:11:43] Step 3 ✓ index.html copied
[2026-06-13 11:11:43] Step 4: Syncing new posts to ./posts/ ...
[2026-06-13 11:11:43] Step 4 ✓ 0 file(s) synced to ./posts/
[2026-06-13 11:11:43] Step 5: Syncing sitemap.xml ...
[2026-06-13 11:11:43] Step 5 ✓ sitemap.xml copied
[2026-06-13 11:11:43] Step 6: Committing and pushing ...
To https://github.com/nicheflowblog/nicheflowblog.github.io
   339e8e6..d74b611  main -> main
[2026-06-13 11:11:44] Step 6 ✓ Pushed to origin main
[2026-06-13 11:11:44] ==========================================
[2026-06-13 11:11:44] Run complete
[2026-06-13 11:11:44] ==========================================
[2026-06-14 11:27:58] ==========================================
[2026-06-14 11:27:58] NicheFlow daily run started
[2026-06-14 11:27:58] ==========================================
[2026-06-14 11:27:58] Step 1: Running generate.py ...
[1/5] Generating: best masticating juicer for celery...
❌ Failed: best masticating juicer for celery
[2/5] Generating: centrifugal vs masticating juicer...
❌ Failed: centrifugal vs masticating juicer
[3/5] Generating: best compact juicer for small apartments...
❌ Failed: best compact juicer for small apartments
[4/5] Generating: best electric indoor grill for steak...
❌ Failed: best electric indoor grill for steak
[5/5] Generating: george foreman vs ninja foodi grill...
❌ Failed: george foreman vs ninja foodi grill

Batch complete! Run 'python3 publish.py' to push changes to GitHub.
[2026-06-14 11:28:05] Step 1 ✓ generate.py complete
[2026-06-14 11:28:05] Step 2: Running index.py ...
Generated deploy/index.html with 27 posts.
[2026-06-14 11:28:05] Step 2 ✓ index.py complete
[2026-06-14 11:28:05] Step 3: Syncing index.html to repo root ...
[2026-06-14 11:28:05] Step 3 ✓ index.html copied
[2026-06-14 11:28:05] Step 4: Syncing new posts to ./posts/ ...
[2026-06-14 11:28:05] Step 4 ✓ 0 file(s) synced to ./posts/
[2026-06-14 11:28:06] Step 5: Syncing sitemap.xml ...
[2026-06-14 11:28:06] Step 5 ✓ sitemap.xml copied
[2026-06-14 11:28:06] Step 6: Committing and pushing ...
To https://github.com/nicheflowblog/nicheflowblog.github.io
   6ecbe56..72b6ab1  main -> main
[2026-06-14 11:28:07] Step 6 ✓ Pushed to origin main
[2026-06-14 11:28:07] ==========================================
[2026-06-14 11:28:07] Run complete
[2026-06-14 11:28:07] ==========================================
[2026-06-15 15:11:40] ==========================================
[2026-06-15 15:11:40] NicheFlow daily run started
[2026-06-15 15:11:40] ==========================================
[2026-06-15 15:11:40] Step 1: Running generate.py ...
[1/5] Generating: best masticating juicer for celery...
❌ Failed: best masticating juicer for celery
[2/5] Generating: centrifugal vs masticating juicer...
❌ Failed: centrifugal vs masticating juicer
[3/5] Generating: best compact juicer for small apartments...
❌ Failed: best compact juicer for small apartments
[4/5] Generating: best electric indoor grill for steak...
❌ Failed: best electric indoor grill for steak
[5/5] Generating: george foreman vs ninja foodi grill...
❌ Failed: george foreman vs ninja foodi grill

Batch complete! Run 'python3 publish.py' to push changes to GitHub.
[2026-06-15 15:11:48] Step 1 ✓ generate.py complete
[2026-06-15 15:11:48] Step 2: Running index.py ...
Generated deploy/index.html with 27 posts.
[2026-06-15 15:11:48] Step 2 ✓ index.py complete
[2026-06-15 15:11:48] Step 3: Syncing index.html to repo root ...
[2026-06-15 15:11:48] Step 3 ✓ index.html copied
[2026-06-15 15:11:48] Step 4: Syncing new posts to ./posts/ ...
[2026-06-15 15:11:48] Step 4 ✓ 0 file(s) synced to ./posts/
[2026-06-15 15:11:48] Step 5: Syncing sitemap.xml ...
[2026-06-15 15:11:48] Step 5 ✓ sitemap.xml copied
[2026-06-15 15:11:48] Step 6: Committing and pushing ...
To https://github.com/nicheflowblog/nicheflowblog.github.io
   bd34422..ca8dc8a  main -> main
[2026-06-15 15:11:49] Step 6 ✓ Pushed to origin main
[2026-06-15 15:11:49] ==========================================
[2026-06-15 15:11:49] Run complete
[2026-06-15 15:11:49] ==========================================
[2026-06-16 13:26:11] ==========================================
[2026-06-16 13:26:11] NicheFlow daily run started
[2026-06-16 13:26:11] ==========================================
[2026-06-16 13:26:11] Step 1: Running generate.py ...
[1/5] Generating: best masticating juicer for celery...
❌ Failed: best masticating juicer for celery
[2/5] Generating: centrifugal vs masticating juicer...
❌ Failed: centrifugal vs masticating juicer
[3/5] Generating: best compact juicer for small apartments...
❌ Failed: best compact juicer for small apartments
[4/5] Generating: best electric indoor grill for steak...
❌ Failed: best electric indoor grill for steak
[5/5] Generating: george foreman vs ninja foodi grill...
❌ Failed: george foreman vs ninja foodi grill

Batch complete! Run 'python3 publish.py' to push changes to GitHub.
[2026-06-16 13:26:19] Step 1 ✓ generate.py complete
[2026-06-16 13:26:19] Step 2: Running index.py ...
Generated deploy/index.html with 27 posts.
[2026-06-16 13:26:19] Step 2 ✓ index.py complete
[2026-06-16 13:26:19] Step 3: Syncing index.html to repo root ...
[2026-06-16 13:26:19] Step 3 ✓ index.html copied
[2026-06-16 13:26:19] Step 4: Syncing new posts to ./posts/ ...
[2026-06-16 13:26:19] Step 4 ✓ 0 file(s) synced to ./posts/
[2026-06-16 13:26:19] Step 5: Syncing sitemap.xml ...
[2026-06-16 13:26:19] Step 5 ✓ sitemap.xml copied
[2026-06-16 13:26:19] Step 6: Committing and pushing ...
To https://github.com/nicheflowblog/nicheflowblog.github.io
   e403192..ffb60eb  main -> main
[2026-06-16 13:26:20] Step 6 ✓ Pushed to origin main
[2026-06-16 13:26:20] ==========================================
[2026-06-16 13:26:20] Run complete
[2026-06-16 13:26:20] ==========================================
[2026-06-17 12:49:45] ==========================================
[2026-06-17 12:49:45] NicheFlow daily run started
[2026-06-17 12:49:45] ==========================================
[2026-06-17 12:49:45] Step 1: Running generate.py ...
[1/5] Generating: best masticating juicer for celery...
❌ Failed: best masticating juicer for celery
[2/5] Generating: centrifugal vs masticating juicer...
❌ Failed: centrifugal vs masticating juicer
[3/5] Generating: best compact juicer for small apartments...
❌ Failed: best compact juicer for small apartments
[4/5] Generating: best electric indoor grill for steak...
❌ Failed: best electric indoor grill for steak
[5/5] Generating: george foreman vs ninja foodi grill...
❌ Failed: george foreman vs ninja foodi grill

Batch complete! Run 'python3 publish.py' to push changes to GitHub.
[2026-06-17 12:49:52] Step 1 ✓ generate.py complete
[2026-06-17 12:49:52] Step 2: Running index.py ...
Generated deploy/index.html with 27 posts.
[2026-06-17 12:49:52] Step 2 ✓ index.py complete
[2026-06-17 12:49:52] Step 3: Syncing index.html to repo root ...
[2026-06-17 12:49:52] Step 3 ✓ index.html copied
[2026-06-17 12:49:52] Step 4: Syncing new posts to ./posts/ ...
[2026-06-17 12:49:52] Step 4 ✓ 0 file(s) synced to ./posts/
[2026-06-17 12:49:52] Step 5: Syncing sitemap.xml ...
[2026-06-17 12:49:52] Step 5 ✓ sitemap.xml copied
[2026-06-17 12:49:52] Step 6: Committing and pushing ...
To https://github.com/nicheflowblog/nicheflowblog.github.io
   478f237..59420e8  main -> main
[2026-06-17 12:49:53] Step 6 ✓ Pushed to origin main
[2026-06-17 12:49:53] ==========================================
[2026-06-17 12:49:53] Run complete
[2026-06-17 12:49:53] ==========================================
[2026-06-18 12:21:59] ==========================================
[2026-06-18 12:21:59] NicheFlow daily run started
[2026-06-18 12:21:59] ==========================================
[2026-06-18 12:21:59] Step 1: Running generate.py ...
[1/5] Generating: best masticating juicer for celery...
❌ Failed: best masticating juicer for celery
[2/5] Generating: centrifugal vs masticating juicer...
❌ Failed: centrifugal vs masticating juicer
[3/5] Generating: best compact juicer for small apartments...
❌ Failed: best compact juicer for small apartments
[4/5] Generating: best electric indoor grill for steak...
❌ Failed: best electric indoor grill for steak
[5/5] Generating: george foreman vs ninja foodi grill...
❌ Failed: george foreman vs ninja foodi grill

Batch complete! Run 'python3 publish.py' to push changes to GitHub.
[2026-06-18 12:22:07] Step 1 ✓ generate.py complete
[2026-06-18 12:22:07] Step 2: Running index.py ...
Generated deploy/index.html with 27 posts.
[2026-06-18 12:22:07] Step 2 ✓ index.py complete
[2026-06-18 12:22:07] Step 3: Syncing index.html to repo root ...
[2026-06-18 12:22:07] Step 3 ✓ index.html copied
[2026-06-18 12:22:07] Step 4: Syncing new posts to ./posts/ ...
[2026-06-18 12:22:07] Step 4 ✓ 0 file(s) synced to ./posts/
[2026-06-18 12:22:07] Step 5: Syncing sitemap.xml ...
[2026-06-18 12:22:07] Step 5 ✓ sitemap.xml copied
[2026-06-18 12:22:07] Step 6: Committing and pushing ...
To https://github.com/nicheflowblog/nicheflowblog.github.io
   29b2bfe..23c2d80  main -> main
[2026-06-18 12:22:08] Step 6 ✓ Pushed to origin main
[2026-06-18 12:22:08] ==========================================
[2026-06-18 12:22:08] Run complete
[2026-06-18 12:22:08] ==========================================
[2026-06-19 12:43:14] ==========================================
[2026-06-19 12:43:14] NicheFlow daily run started
[2026-06-19 12:43:14] ==========================================
[2026-06-19 12:43:14] Step 1: Running generate.py ...
[1/5] Generating: best masticating juicer for celery...
❌ Failed: best masticating juicer for celery
[2/5] Generating: centrifugal vs masticating juicer...
❌ Failed: centrifugal vs masticating juicer
[3/5] Generating: best compact juicer for small apartments...
❌ Failed: best compact juicer for small apartments
[4/5] Generating: best electric indoor grill for steak...
❌ Failed: best electric indoor grill for steak
[5/5] Generating: george foreman vs ninja foodi grill...
❌ Failed: george foreman vs ninja foodi grill

Batch complete! Run 'python3 publish.py' to push changes to GitHub.
[2026-06-19 12:43:21] Step 1 ✓ generate.py complete
[2026-06-19 12:43:21] Step 2: Running index.py ...
Generated deploy/index.html with 27 posts.
[2026-06-19 12:43:21] Step 2 ✓ index.py complete
[2026-06-19 12:43:21] Step 3: Syncing index.html to repo root ...
[2026-06-19 12:43:21] Step 3 ✓ index.html copied
[2026-06-19 12:43:21] Step 4: Syncing new posts to ./posts/ ...
[2026-06-19 12:43:21] Step 4 ✓ 0 file(s) synced to ./posts/
[2026-06-19 12:43:21] Step 5: Syncing sitemap.xml ...
[2026-06-19 12:43:21] Step 5 ✓ sitemap.xml copied
[2026-06-19 12:43:21] Step 6: Committing and pushing ...
To https://github.com/nicheflowblog/nicheflowblog.github.io
   4fd44de..afe4262  main -> main
[2026-06-19 12:43:22] Step 6 ✓ Pushed to origin main
[2026-06-19 12:43:22] ==========================================
[2026-06-19 12:43:22] Run complete
[2026-06-19 12:43:22] ==========================================
[2026-06-20 11:14:29] ==========================================
[2026-06-20 11:14:29] NicheFlow daily run started
[2026-06-20 11:14:29] ==========================================
[2026-06-20 11:14:29] Step 1: Running generate.py ...
[1/5] Generating: best masticating juicer for celery...
❌ Failed: best masticating juicer for celery
[2/5] Generating: centrifugal vs masticating juicer...
❌ Failed: centrifugal vs masticating juicer
[3/5] Generating: best compact juicer for small apartments...
❌ Failed: best compact juicer for small apartments
[4/5] Generating: best electric indoor grill for steak...
❌ Failed: best electric indoor grill for steak
[5/5] Generating: george foreman vs ninja foodi grill...
❌ Failed: george foreman vs ninja foodi grill

Batch complete! Run 'python3 publish.py' to push changes to GitHub.
[2026-06-20 11:14:37] Step 1 ✓ generate.py complete
[2026-06-20 11:14:37] Step 2: Running index.py ...
Generated deploy/index.html with 27 posts.
[2026-06-20 11:14:37] Step 2 ✓ index.py complete
[2026-06-20 11:14:37] Step 3: Syncing index.html to repo root ...
[2026-06-20 11:14:37] Step 3 ✓ index.html copied
[2026-06-20 11:14:37] Step 4: Syncing new posts to ./posts/ ...
[2026-06-20 11:14:37] Step 4 ✓ 0 file(s) synced to ./posts/
[2026-06-20 11:14:37] Step 5: Syncing sitemap.xml ...
[2026-06-20 11:14:37] Step 5 ✓ sitemap.xml copied
[2026-06-20 11:14:37] Step 6: Committing and pushing ...
To https://github.com/nicheflowblog/nicheflowblog.github.io
   2b89729..f359396  main -> main
[2026-06-20 11:14:38] Step 6 ✓ Pushed to origin main
[2026-06-20 11:14:38] ==========================================
[2026-06-20 11:14:38] Run complete
[2026-06-20 11:14:38] ==========================================
[2026-06-21 11:43:23] ==========================================
[2026-06-21 11:43:23] NicheFlow daily run started
[2026-06-21 11:43:23] ==========================================
[2026-06-21 11:43:23] Step 1: Running generate.py ...
[1/5] Generating: best masticating juicer for celery...
❌ Failed: best masticating juicer for celery
[2/5] Generating: centrifugal vs masticating juicer...
❌ Failed: centrifugal vs masticating juicer
[3/5] Generating: best compact juicer for small apartments...
❌ Failed: best compact juicer for small apartments
[4/5] Generating: best electric indoor grill for steak...
❌ Failed: best electric indoor grill for steak
[5/5] Generating: george foreman vs ninja foodi grill...
❌ Failed: george foreman vs ninja foodi grill

Batch complete! Run 'python3 publish.py' to push changes to GitHub.
[2026-06-21 11:43:31] Step 1 ✓ generate.py complete
[2026-06-21 11:43:31] Step 2: Running index.py ...
Generated deploy/index.html with 27 posts.
[2026-06-21 11:43:31] Step 2 ✓ index.py complete
[2026-06-21 11:43:31] Step 3: Syncing index.html to repo root ...
[2026-06-21 11:43:31] Step 3 ✓ index.html copied
[2026-06-21 11:43:31] Step 4: Syncing new posts to ./posts/ ...
[2026-06-21 11:43:31] Step 4 ✓ 0 file(s) synced to ./posts/
[2026-06-21 11:43:31] Step 5: Syncing sitemap.xml ...
[2026-06-21 11:43:31] Step 5 ✓ sitemap.xml copied
[2026-06-21 11:43:31] Step 6: Committing and pushing ...
To https://github.com/nicheflowblog/nicheflowblog.github.io
   51de1c4..3baad4d  main -> main
[2026-06-21 11:43:32] Step 6 ✓ Pushed to origin main
[2026-06-21 11:43:32] ==========================================
[2026-06-21 11:43:32] Run complete
[2026-06-21 11:43:32] ==========================================
[2026-06-22 14:34:13] ==========================================
[2026-06-22 14:34:13] NicheFlow daily run started
[2026-06-22 14:34:13] ==========================================
[2026-06-22 14:34:13] Step 1: Running generate.py ...
[1/5] Generating: best masticating juicer for celery...
❌ Failed: best masticating juicer for celery
[2/5] Generating: centrifugal vs masticating juicer...
❌ Failed: centrifugal vs masticating juicer
[3/5] Generating: best compact juicer for small apartments...
❌ Failed: best compact juicer for small apartments
[4/5] Generating: best electric indoor grill for steak...
❌ Failed: best electric indoor grill for steak
[5/5] Generating: george foreman vs ninja foodi grill...
❌ Failed: george foreman vs ninja foodi grill

Batch complete! Run 'python3 publish.py' to push changes to GitHub.
[2026-06-22 14:34:21] Step 1 ✓ generate.py complete
[2026-06-22 14:34:21] Step 2: Running index.py ...
Generated deploy/index.html with 27 posts.
[2026-06-22 14:34:21] Step 2 ✓ index.py complete
[2026-06-22 14:34:21] Step 3: Syncing index.html to repo root ...
[2026-06-22 14:34:21] Step 3 ✓ index.html copied
[2026-06-22 14:34:21] Step 4: Syncing new posts to ./posts/ ...
[2026-06-22 14:34:21] Step 4 ✓ 0 file(s) synced to ./posts/
[2026-06-22 14:34:21] Step 5: Syncing sitemap.xml ...
[2026-06-22 14:34:21] Step 5 ✓ sitemap.xml copied
[2026-06-22 14:34:21] Step 6: Committing and pushing ...
To https://github.com/nicheflowblog/nicheflowblog.github.io
   1805719..8371b31  main -> main
[2026-06-22 14:34:22] Step 6 ✓ Pushed to origin main
[2026-06-22 14:34:22] ==========================================
[2026-06-22 14:34:22] Run complete
[2026-06-22 14:34:22] ==========================================
[2026-06-23 11:57:47] ==========================================
[2026-06-23 11:57:47] NicheFlow daily run started
[2026-06-23 11:57:47] ==========================================
[2026-06-23 11:57:47] Step 1: Running generate.py ...
[1/5] Generating: best masticating juicer for celery...
❌ Failed: best masticating juicer for celery
[2/5] Generating: centrifugal vs masticating juicer...
❌ Failed: centrifugal vs masticating juicer
[3/5] Generating: best compact juicer for small apartments...
❌ Failed: best compact juicer for small apartments
[4/5] Generating: best electric indoor grill for steak...
❌ Failed: best electric indoor grill for steak
[5/5] Generating: george foreman vs ninja foodi grill...
❌ Failed: george foreman vs ninja foodi grill

Batch complete! Run 'python3 publish.py' to push changes to GitHub.
[2026-06-23 11:57:54] Step 1 ✓ generate.py complete
[2026-06-23 11:57:54] Step 2: Running index.py ...
Generated deploy/index.html with 27 posts.
[2026-06-23 11:57:54] Step 2 ✓ index.py complete
[2026-06-23 11:57:54] Step 3: Syncing index.html to repo root ...
[2026-06-23 11:57:54] Step 3 ✓ index.html copied
[2026-06-23 11:57:54] Step 4: Syncing new posts to ./posts/ ...
[2026-06-23 11:57:54] Step 4 ✓ 0 file(s) synced to ./posts/
[2026-06-23 11:57:54] Step 5: Syncing sitemap.xml ...
[2026-06-23 11:57:54] Step 5 ✓ sitemap.xml copied
[2026-06-23 11:57:54] Step 6: Committing and pushing ...
To https://github.com/nicheflowblog/nicheflowblog.github.io
   681830b..08e5837  main -> main
[2026-06-23 11:57:55] Step 6 ✓ Pushed to origin main
[2026-06-23 11:57:55] ==========================================
[2026-06-23 11:57:55] Run complete
[2026-06-23 11:57:55] ==========================================
[2026-06-24 11:42:59] ==========================================
[2026-06-24 11:42:59] NicheFlow daily run started
[2026-06-24 11:42:59] ==========================================
[2026-06-24 11:42:59] Step 1: Running generate.py ...
[1/5] Generating: best masticating juicer for celery...
❌ Failed: best masticating juicer for celery
[2/5] Generating: centrifugal vs masticating juicer...
❌ Failed: centrifugal vs masticating juicer
[3/5] Generating: best compact juicer for small apartments...
❌ Failed: best compact juicer for small apartments
[4/5] Generating: best electric indoor grill for steak...
❌ Failed: best electric indoor grill for steak
[5/5] Generating: george foreman vs ninja foodi grill...
❌ Failed: george foreman vs ninja foodi grill

Batch complete! Run 'python3 publish.py' to push changes to GitHub.
[2026-06-24 11:43:07] Step 1 ✓ generate.py complete
[2026-06-24 11:43:07] Step 2: Running index.py ...
Generated deploy/index.html with 27 posts.
[2026-06-24 11:43:07] Step 2 ✓ index.py complete
[2026-06-24 11:43:07] Step 3: Syncing index.html to repo root ...
[2026-06-24 11:43:07] Step 3 ✓ index.html copied
[2026-06-24 11:43:07] Step 4: Syncing new posts to ./posts/ ...
[2026-06-24 11:43:07] Step 4 ✓ 0 file(s) synced to ./posts/
[2026-06-24 11:43:07] Step 5: Syncing sitemap.xml ...
[2026-06-24 11:43:07] Step 5 ✓ sitemap.xml copied
[2026-06-24 11:43:07] Step 6: Committing and pushing ...
To https://github.com/nicheflowblog/nicheflowblog.github.io
   604b2d5..e2c9a5c  main -> main
[2026-06-24 11:43:08] Step 6 ✓ Pushed to origin main
[2026-06-24 11:43:08] ==========================================
[2026-06-24 11:43:08] Run complete
[2026-06-24 11:43:08] ==========================================
[2026-06-25 11:38:16] ==========================================
[2026-06-25 11:38:16] NicheFlow daily run started
[2026-06-25 11:38:16] ==========================================
[2026-06-25 11:38:16] Step 1: Running generate.py ...
[1/5] Generating: best masticating juicer for celery...
❌ Failed: best masticating juicer for celery
[2/5] Generating: centrifugal vs masticating juicer...
❌ Failed: centrifugal vs masticating juicer
[3/5] Generating: best compact juicer for small apartments...
❌ Failed: best compact juicer for small apartments
[4/5] Generating: best electric indoor grill for steak...
❌ Failed: best electric indoor grill for steak
[5/5] Generating: george foreman vs ninja foodi grill...
❌ Failed: george foreman vs ninja foodi grill

Batch complete! Run 'python3 publish.py' to push changes to GitHub.
[2026-06-25 11:38:23] Step 1 ✓ generate.py complete
[2026-06-25 11:38:23] Step 2: Running index.py ...
Generated deploy/index.html with 27 posts.
[2026-06-25 11:38:23] Step 2 ✓ index.py complete
[2026-06-25 11:38:23] Step 3: Syncing index.html to repo root ...
[2026-06-25 11:38:23] Step 3 ✓ index.html copied
[2026-06-25 11:38:24] Step 4: Syncing new posts to ./posts/ ...
[2026-06-25 11:38:24] Step 4 ✓ 0 file(s) synced to ./posts/
[2026-06-25 11:38:24] Step 5: Syncing sitemap.xml ...
[2026-06-25 11:38:24] Step 5 ✓ sitemap.xml copied
[2026-06-25 11:38:24] Step 6: Committing and pushing ...
To https://github.com/nicheflowblog/nicheflowblog.github.io
   5850f41..b48827f  main -> main
[2026-06-25 11:38:24] Step 6 ✓ Pushed to origin main
[2026-06-25 11:38:24] ==========================================
[2026-06-25 11:38:24] Run complete
[2026-06-25 11:38:24] ==========================================
[2026-06-26 11:42:54] ==========================================
[2026-06-26 11:42:54] NicheFlow daily run started
[2026-06-26 11:42:54] ==========================================
[2026-06-26 11:42:54] Step 1: Running generate.py ...
[1/5] Generating: best masticating juicer for celery...
❌ Failed: best masticating juicer for celery
[2/5] Generating: centrifugal vs masticating juicer...
❌ Failed: centrifugal vs masticating juicer
[3/5] Generating: best compact juicer for small apartments...
❌ Failed: best compact juicer for small apartments
[4/5] Generating: best electric indoor grill for steak...
❌ Failed: best electric indoor grill for steak
[5/5] Generating: george foreman vs ninja foodi grill...
❌ Failed: george foreman vs ninja foodi grill

Batch complete! Run 'python3 publish.py' to push changes to GitHub.
[2026-06-26 11:43:02] Step 1 ✓ generate.py complete
[2026-06-26 11:43:02] Step 2: Running index.py ...
Generated deploy/index.html with 27 posts.
[2026-06-26 11:43:02] Step 2 ✓ index.py complete
[2026-06-26 11:43:02] Step 3: Syncing index.html to repo root ...
[2026-06-26 11:43:02] Step 3 ✓ index.html copied
[2026-06-26 11:43:02] Step 4: Syncing new posts to ./posts/ ...
[2026-06-26 11:43:02] Step 4 ✓ 0 file(s) synced to ./posts/
[2026-06-26 11:43:02] Step 5: Syncing sitemap.xml ...
[2026-06-26 11:43:02] Step 5 ✓ sitemap.xml copied
[2026-06-26 11:43:02] Step 6: Committing and pushing ...
To https://github.com/nicheflowblog/nicheflowblog.github.io
   4d43710..63ad4fd  main -> main
[2026-06-26 11:43:04] Step 6 ✓ Pushed to origin main
[2026-06-26 11:43:04] ==========================================
[2026-06-26 11:43:04] Run complete
[2026-06-26 11:43:04] ==========================================
[2026-06-27 10:55:41] ==========================================
[2026-06-27 10:55:41] NicheFlow daily run started
[2026-06-27 10:55:41] ==========================================
[2026-06-27 10:55:41] Step 1: Running generate.py ...
[1/5] Generating: best masticating juicer for celery...
❌ Failed: best masticating juicer for celery
[2/5] Generating: centrifugal vs masticating juicer...
❌ Failed: centrifugal vs masticating juicer
[3/5] Generating: best compact juicer for small apartments...
❌ Failed: best compact juicer for small apartments
[4/5] Generating: best electric indoor grill for steak...
❌ Failed: best electric indoor grill for steak
[5/5] Generating: george foreman vs ninja foodi grill...
❌ Failed: george foreman vs ninja foodi grill

Batch complete! Run 'python3 publish.py' to push changes to GitHub.
[2026-06-27 10:55:49] Step 1 ✓ generate.py complete
[2026-06-27 10:55:49] Step 2: Running index.py ...
Generated deploy/index.html with 27 posts.
[2026-06-27 10:55:49] Step 2 ✓ index.py complete
[2026-06-27 10:55:49] Step 3: Syncing index.html to repo root ...
[2026-06-27 10:55:49] Step 3 ✓ index.html copied
[2026-06-27 10:55:49] Step 4: Syncing new posts to ./posts/ ...
[2026-06-27 10:55:49] Step 4 ✓ 0 file(s) synced to ./posts/
[2026-06-27 10:55:49] Step 5: Syncing sitemap.xml ...
[2026-06-27 10:55:49] Step 5 ✓ sitemap.xml copied
[2026-06-27 10:55:49] Step 6: Committing and pushing ...
To https://github.com/nicheflowblog/nicheflowblog.github.io
   af50a96..0fa1487  main -> main
[2026-06-27 10:55:50] Step 6 ✓ Pushed to origin main
[2026-06-27 10:55:50] ==========================================
[2026-06-27 10:55:50] Run complete
[2026-06-27 10:55:50] ==========================================
[2026-06-28 11:04:23] ==========================================
[2026-06-28 11:04:23] NicheFlow daily run started
[2026-06-28 11:04:23] ==========================================
[2026-06-28 11:04:23] Step 1: Running generate.py ...
[1/5] Generating: best masticating juicer for celery...
❌ Failed: best masticating juicer for celery
[2/5] Generating: centrifugal vs masticating juicer...
❌ Failed: centrifugal vs masticating juicer
[3/5] Generating: best compact juicer for small apartments...
❌ Failed: best compact juicer for small apartments
[4/5] Generating: best electric indoor grill for steak...
❌ Failed: best electric indoor grill for steak
[5/5] Generating: george foreman vs ninja foodi grill...
❌ Failed: george foreman vs ninja foodi grill

Batch complete! Run 'python3 publish.py' to push changes to GitHub.
[2026-06-28 11:04:30] Step 1 ✓ generate.py complete
[2026-06-28 11:04:30] Step 2: Running index.py ...
Generated deploy/index.html with 27 posts.
[2026-06-28 11:04:30] Step 2 ✓ index.py complete
[2026-06-28 11:04:30] Step 3: Syncing index.html to repo root ...
[2026-06-28 11:04:30] Step 3 ✓ index.html copied
[2026-06-28 11:04:30] Step 4: Syncing new posts to ./posts/ ...
[2026-06-28 11:04:30] Step 4 ✓ 0 file(s) synced to ./posts/
[2026-06-28 11:04:30] Step 5: Syncing sitemap.xml ...
[2026-06-28 11:04:30] Step 5 ✓ sitemap.xml copied
[2026-06-28 11:04:30] Step 6: Committing and pushing ...
To https://github.com/nicheflowblog/nicheflowblog.github.io
   6ae587d..0101365  main -> main
[2026-06-28 11:04:31] Step 6 ✓ Pushed to origin main
[2026-06-28 11:04:31] ==========================================
[2026-06-28 11:04:31] Run complete
[2026-06-28 11:04:31] ==========================================
[2026-06-29 13:04:10] ==========================================
[2026-06-29 13:04:10] NicheFlow daily run started
[2026-06-29 13:04:10] ==========================================
[2026-06-29 13:04:10] Step 1: Running generate.py ...
[1/5] Generating: best masticating juicer for celery...
❌ Failed: best masticating juicer for celery
[2/5] Generating: centrifugal vs masticating juicer...
❌ Failed: centrifugal vs masticating juicer
[3/5] Generating: best compact juicer for small apartments...
❌ Failed: best compact juicer for small apartments
[4/5] Generating: best electric indoor grill for steak...
❌ Failed: best electric indoor grill for steak
[5/5] Generating: george foreman vs ninja foodi grill...
❌ Failed: george foreman vs ninja foodi grill

Batch complete! Run 'python3 publish.py' to push changes to GitHub.
[2026-06-29 13:04:17] Step 1 ✓ generate.py complete
[2026-06-29 13:04:17] Step 2: Running index.py ...
Generated deploy/index.html with 27 posts.
[2026-06-29 13:04:17] Step 2 ✓ index.py complete
[2026-06-29 13:04:17] Step 3: Syncing index.html to repo root ...
[2026-06-29 13:04:17] Step 3 ✓ index.html copied
[2026-06-29 13:04:17] Step 4: Syncing new posts to ./posts/ ...
[2026-06-29 13:04:18] Step 4 ✓ 0 file(s) synced to ./posts/
[2026-06-29 13:04:18] Step 5: Syncing sitemap.xml ...
[2026-06-29 13:04:18] Step 5 ✓ sitemap.xml copied
[2026-06-29 13:04:18] Step 6: Committing and pushing ...
To https://github.com/nicheflowblog/nicheflowblog.github.io
   cac0d60..579b8f9  main -> main
[2026-06-29 13:04:19] Step 6 ✓ Pushed to origin main
[2026-06-29 13:04:19] ==========================================
[2026-06-29 13:04:19] Run complete
[2026-06-29 13:04:19] ==========================================
[2026-06-30 11:43:17] ==========================================
[2026-06-30 11:43:17] NicheFlow daily run started
[2026-06-30 11:43:17] ==========================================
[2026-06-30 11:43:17] Step 1: Running generate.py ...
[1/5] Generating: best masticating juicer for celery...
❌ Failed: best masticating juicer for celery
[2/5] Generating: centrifugal vs masticating juicer...
❌ Failed: centrifugal vs masticating juicer
[3/5] Generating: best compact juicer for small apartments...
❌ Failed: best compact juicer for small apartments
[4/5] Generating: best electric indoor grill for steak...
❌ Failed: best electric indoor grill for steak
[5/5] Generating: george foreman vs ninja foodi grill...
❌ Failed: george foreman vs ninja foodi grill

Batch complete! Run 'python3 publish.py' to push changes to GitHub.
[2026-06-30 11:43:24] Step 1 ✓ generate.py complete
[2026-06-30 11:43:24] Step 2: Running index.py ...
Generated deploy/index.html with 27 posts.
[2026-06-30 11:43:24] Step 2 ✓ index.py complete
[2026-06-30 11:43:24] Step 3: Syncing index.html to repo root ...
[2026-06-30 11:43:24] Step 3 ✓ index.html copied
[2026-06-30 11:43:24] Step 4: Syncing new posts to ./posts/ ...
[2026-06-30 11:43:24] Step 4 ✓ 0 file(s) synced to ./posts/
[2026-06-30 11:43:24] Step 5: Syncing sitemap.xml ...
[2026-06-30 11:43:24] Step 5 ✓ sitemap.xml copied
[2026-06-30 11:43:24] Step 6: Committing and pushing ...
To https://github.com/nicheflowblog/nicheflowblog.github.io
   6603c71..6b9324f  main -> main
[2026-06-30 11:43:25] Step 6 ✓ Pushed to origin main
[2026-06-30 11:43:25] ==========================================
[2026-06-30 11:43:25] Run complete
[2026-06-30 11:43:25] ==========================================
[2026-07-01 11:58:25] ==========================================
[2026-07-01 11:58:25] NicheFlow daily run started
[2026-07-01 11:58:25] ==========================================
[2026-07-01 11:58:25] Step 1: Running generate.py ...
[1/5] Generating: best masticating juicer for celery...
❌ Failed: best masticating juicer for celery
[2/5] Generating: centrifugal vs masticating juicer...
❌ Failed: centrifugal vs masticating juicer
[3/5] Generating: best compact juicer for small apartments...
❌ Failed: best compact juicer for small apartments
[4/5] Generating: best electric indoor grill for steak...
❌ Failed: best electric indoor grill for steak
[5/5] Generating: george foreman vs ninja foodi grill...
❌ Failed: george foreman vs ninja foodi grill

Batch complete! Run 'python3 publish.py' to push changes to GitHub.
[2026-07-01 11:58:33] Step 1 ✓ generate.py complete
[2026-07-01 11:58:33] Step 2: Running index.py ...
Generated deploy/index.html with 27 posts.
[2026-07-01 11:58:33] Step 2 ✓ index.py complete
[2026-07-01 11:58:33] Step 3: Syncing index.html to repo root ...
[2026-07-01 11:58:33] Step 3 ✓ index.html copied
[2026-07-01 11:58:33] Step 4: Syncing new posts to ./posts/ ...
[2026-07-01 11:58:33] Step 4 ✓ 0 file(s) synced to ./posts/
[2026-07-01 11:58:33] Step 5: Syncing sitemap.xml ...
[2026-07-01 11:58:33] Step 5 ✓ sitemap.xml copied
[2026-07-01 11:58:33] Step 6: Committing and pushing ...
To https://github.com/nicheflowblog/nicheflowblog.github.io
   89bdcf4..3123fab  main -> main
[2026-07-01 11:58:34] Step 6 ✓ Pushed to origin main
[2026-07-01 11:58:34] ==========================================
[2026-07-01 11:58:34] Run complete
[2026-07-01 11:58:34] ==========================================
[2026-07-02 11:31:32] ==========================================
[2026-07-02 11:31:32] NicheFlow daily run started
[2026-07-02 11:31:32] ==========================================
[2026-07-02 11:31:32] Step 1: Running generate.py ...
[1/5] Generating: best masticating juicer for celery...
❌ Failed: best masticating juicer for celery
[2/5] Generating: centrifugal vs masticating juicer...
❌ Failed: centrifugal vs masticating juicer
[3/5] Generating: best compact juicer for small apartments...
❌ Failed: best compact juicer for small apartments
[4/5] Generating: best electric indoor grill for steak...
❌ Failed: best electric indoor grill for steak
[5/5] Generating: george foreman vs ninja foodi grill...
❌ Failed: george foreman vs ninja foodi grill

Batch complete! Run 'python3 publish.py' to push changes to GitHub.
[2026-07-02 11:31:39] Step 1 ✓ generate.py complete
[2026-07-02 11:31:39] Step 2: Running index.py ...
Generated deploy/index.html with 27 posts.
[2026-07-02 11:31:40] Step 2 ✓ index.py complete
[2026-07-02 11:31:40] Step 3: Syncing index.html to repo root ...
[2026-07-02 11:31:40] Step 3 ✓ index.html copied
[2026-07-02 11:31:40] Step 4: Syncing new posts to ./posts/ ...
[2026-07-02 11:31:40] Step 4 ✓ 0 file(s) synced to ./posts/
[2026-07-02 11:31:40] Step 5: Syncing sitemap.xml ...
[2026-07-02 11:31:40] Step 5 ✓ sitemap.xml copied
[2026-07-02 11:31:40] Step 6: Committing and pushing ...
To https://github.com/nicheflowblog/nicheflowblog.github.io
   f493787..8c5ea19  main -> main
[2026-07-02 11:31:41] Step 6 ✓ Pushed to origin main
[2026-07-02 11:31:41] ==========================================
[2026-07-02 11:31:41] Run complete
[2026-07-02 11:31:41] ==========================================
[2026-07-03 11:29:15] ==========================================
[2026-07-03 11:29:15] NicheFlow daily run started
[2026-07-03 11:29:15] ==========================================
[2026-07-03 11:29:15] Step 1: Running generate.py ...
[1/5] Generating: best masticating juicer for celery...
❌ Failed: best masticating juicer for celery
[2/5] Generating: centrifugal vs masticating juicer...
❌ Failed: centrifugal vs masticating juicer
[3/5] Generating: best compact juicer for small apartments...
❌ Failed: best compact juicer for small apartments
[4/5] Generating: best electric indoor grill for steak...
❌ Failed: best electric indoor grill for steak
[5/5] Generating: george foreman vs ninja foodi grill...
❌ Failed: george foreman vs ninja foodi grill

Batch complete! Run 'python3 publish.py' to push changes to GitHub.
[2026-07-03 11:29:23] Step 1 ✓ generate.py complete
[2026-07-03 11:29:23] Step 2: Running index.py ...
Generated deploy/index.html with 27 posts.
[2026-07-03 11:29:23] Step 2 ✓ index.py complete
[2026-07-03 11:29:23] Step 3: Syncing index.html to repo root ...
[2026-07-03 11:29:23] Step 3 ✓ index.html copied
[2026-07-03 11:29:23] Step 4: Syncing new posts to ./posts/ ...
[2026-07-03 11:29:23] Step 4 ✓ 0 file(s) synced to ./posts/
[2026-07-03 11:29:23] Step 5: Syncing sitemap.xml ...
[2026-07-03 11:29:23] Step 5 ✓ sitemap.xml copied
[2026-07-03 11:29:23] Step 6: Committing and pushing ...
To https://github.com/nicheflowblog/nicheflowblog.github.io
   9e95702..c8e9810  main -> main
[2026-07-03 11:29:24] Step 6 ✓ Pushed to origin main
[2026-07-03 11:29:24] ==========================================
[2026-07-03 11:29:24] Run complete
[2026-07-03 11:29:24] ==========================================
[2026-07-04 10:51:57] ==========================================
[2026-07-04 10:51:57] NicheFlow daily run started
[2026-07-04 10:51:57] ==========================================
[2026-07-04 10:51:57] Step 1: Running generate.py ...
[1/5] Generating: best masticating juicer for celery...
❌ Failed: best masticating juicer for celery
[2/5] Generating: centrifugal vs masticating juicer...
❌ Failed: centrifugal vs masticating juicer
[3/5] Generating: best compact juicer for small apartments...
❌ Failed: best compact juicer for small apartments
[4/5] Generating: best electric indoor grill for steak...
❌ Failed: best electric indoor grill for steak
[5/5] Generating: george foreman vs ninja foodi grill...
❌ Failed: george foreman vs ninja foodi grill

Batch complete! Run 'python3 publish.py' to push changes to GitHub.
[2026-07-04 10:52:05] Step 1 ✓ generate.py complete
[2026-07-04 10:52:05] Step 2: Running index.py ...
Generated deploy/index.html with 27 posts.
[2026-07-04 10:52:05] Step 2 ✓ index.py complete
[2026-07-04 10:52:05] Step 3: Syncing index.html to repo root ...
[2026-07-04 10:52:05] Step 3 ✓ index.html copied
[2026-07-04 10:52:05] Step 4: Syncing new posts to ./posts/ ...
[2026-07-04 10:52:05] Step 4 ✓ 0 file(s) synced to ./posts/
[2026-07-04 10:52:05] Step 5: Syncing sitemap.xml ...
[2026-07-04 10:52:05] Step 5 ✓ sitemap.xml copied
[2026-07-04 10:52:05] Step 6: Committing and pushing ...
